epoch_no,start_time,end_time,fees_epoch,treasury_start,treasury_end,treasury_delta,reserves_start,rho,tau,monetary_expansion_est,inflow_fees_plus_reserves_est,treasury_donations,pot_transfer_treasury,mir_treasury_payments,conway_enacted_withdrawals
209,2020-08-03 21:44:51,2020-08-08 21:44:31,7666346424,,8332813711755,,,0.003,0.2,,,0,0,0,0
210,2020-08-08 21:44:51,2020-08-13 21:44:31,7770532273,8332813711755,16306644182013,7973830470258,13286160713028443,0.003,0.2,39858482139085,7973250534272,0,0,0,0
211,2020-08-13 21:44:51,2020-08-18 21:44:28,6517886228,16306644182013,24275595982960,7968951800947,13278197552770393,0.003,0.2,39834592658311,7968222108908,0,0,0,0
212,2020-08-18 21:44:51,2020-08-23 21:44:26,5578218279,24275595982960,32239292149804,7963696166844,13270236767315870,0.003,0.2,39810710301948,7963257704045,0,0,0,0
213,2020-08-23 21:44:51,2020-08-28 21:44:25,7100593256,32239292149804,40198464232058,7959172082254,13262280841681299,0.003,0.2,39786842525044,7958788623660,0,0,0,0
214,2020-08-28 21:44:51,2020-09-02 21:44:24,7501833746,40198464232058,48148335794725,7949871562667,13247093198353459,0.003,0.2,39741279595060,7949756285761,0,0,0,0
215,2020-09-02 21:44:51,2020-09-07 21:44:23,8110049274,48148335794725,55876297807656,7727962012931,13230232787944838,0.003,0.2,39690698363835,7939761682622,0,0,0,0
216,2020-09-07 21:44:58,2020-09-12 21:44:23,5935808427,55876297807656,63707722011028,7831424203372,13212986170770203,0.003,0.2,39638958512311,7928978864148,0,0,0,0
217,2020-09-12 21:44:51,2020-09-17 21:44:22,5075696054,63707722011028,71629614335572,7921892324544,13195031638588164,0.003,0.2,39585094915765,7918034122364,0,0,0,0
218,2020-09-17 21:44:51,2020-09-22 21:44:22,4547068473,71629614335572,79429791062499,7800176726927,13176528835451373,0.003,0.2,39529586506354,7906826714965,0,0,0,0
219,2020-09-22 21:44:51,2020-09-27 21:44:20,4970020516,79429791062499,87229346231023,7799555168524,13157936081322000,0.003,0.2,39473808243966,7895755652896,0,0,0,0
220,2020-09-27 21:44:51,2020-10-02 21:44:19,5135934788,87229346231023,94812346026398,7582999795375,13139088245733216,0.003,0.2,39417264737200,7884480134398,0,0,0,0
221,2020-10-02 21:44:51,2020-10-07 21:44:22,3913521858,94812346026398,102526032953120,7713686926722,13120582265809833,0.003,0.2,39361746797430,7873132063858,0,0,0,0
222,2020-10-07 21:44:51,2020-10-12 21:44:25,4499540105,102526032953120,110388072013679,7862039060559,13101550250680254,0.003,0.2,39304650752041,7861830058429,0,0,0,0
223,2020-10-12 21:44:51,2020-10-17 21:44:16,4423831286,110388072013679,118208699416236,7820627402557,13082116350342059,0.003,0.2,39246349051026,7850154576462,0,0,0,0
224,2020-10-17 21:44:51,2020-10-22 21:44:28,4124509016,118208699416236,125940338514332,7731639098096,13062655956639744,0.003,0.2,39187967869919,7838418475787,0,0,0,0
225,2020-10-22 21:44:51,2020-10-27 21:44:46,4203312194,125940338514332,133613085475447,7672746961115,13042967905529920,0.003,0.2,39128903716590,7826621405757,0,0,0,0
226,2020-10-27 21:44:51,2020-11-01 21:44:12,4393720890,133613085475447,141320961489871,7707876014424,13023198387000242,0.003,0.2,39069595161001,7814797776378,0,0,0,0
227,2020-11-01 21:44:51,2020-11-06 21:44:14,4962718967,141320961489871,148966611367094,7645649877223,13003168356561692,0.003,0.2,39009505069685,7802893557730,0,0,0,0
228,2020-11-06 21:44:51,2020-11-11 21:44:47,6777734939,148966611367094,156672155969216,7705544602122,12983158507901822,0.003,0.2,38949475523706,7791250651729,0,0,0,0
229,2020-11-11 21:44:51,2020-11-16 21:44:07,5316818724,156672155969216,164146740314244,7474584345028,12963125292915959,0.003,0.2,38889375878748,7778938539494,0,0,0,0
230,2020-11-16 21:44:51,2020-11-21 21:44:42,7168655203,164146740314244,171650774380874,7504034066630,12943288527645190,0.003,0.2,38829865582936,7767406847628,0,0,0,0
231,2020-11-21 21:44:57,2020-11-26 21:44:03,11110141677,171650774380874,179282860001401,7632085620527,12923287136043547,0.003,0.2,38769861408131,7756194309962,0,0,0,0
232,2020-11-26 21:44:51,2020-12-01 21:44:22,10681640345,179282860001401,186903589285290,7620729283889,12901374614727880,0.003,0.2,38704123844184,7742961096906,0,0,0,0
233,2020-12-01 21:44:51,2020-12-06 21:44:38,8173077946,186903589285290,194427116830134,7523527544844,12879420804989068,0.003,0.2,38638262414967,7729287098583,0,0,0,0
234,2020-12-06 21:44:51,2020-12-11 21:44:50,8006069382,194427116830134,201938554280313,7511437450179,12857569396931762,0.003,0.2,38572708190795,7716142852035,0,0,0,0
235,2020-12-11 21:45:01,2020-12-16 21:43:48,8115520823,201938554280313,209567887755185,7629333474872,12835708801543869,0.003,0.2,38507126404632,7703048385091,0,0,0,0
236,2020-12-16 21:44:51,2020-12-21 21:44:06,7838075567,209567887755185,217021605777163,7453718021978,12813555587125201,0.003,0.2,38440666761376,7689700967389,0,0,0,0
237,2020-12-21 21:44:51,2020-12-26 21:44:33,8966791630,217021605777163,224755310169411,7733704392248,13112607631777589,0.003,0.2,39337822895333,7869357937393,0,0,0,0
238,2020-12-26 21:44:55,2020-12-31 21:43:55,11693879197,224755310169411,232303490719413,7548180550002,13092064399031575,0.003,0.2,39276193197095,7857577415258,0,0,0,0
239,2020-12-31 21:44:51,2021-01-05 21:44:23,14161113125,232303490719413,240110310231353,7806819511940,13070468429326735,0.003,0.2,39211405287980,7845113280221,0,0,0,0
240,2021-01-05 21:44:51,2021-01-10 21:44:06,20069060896,240110310231353,247808783829569,7698473598216,13047906930168382,0.003,0.2,39143720790505,7832757970280,0,0,0,0
241,2021-01-10 21:45:01,2021-01-15 21:44:48,14690681083,247808783829569,255497935879168,7689152049599,13025619519514576,0.003,0.2,39076858558544,7818309847925,0,0,2000000000000,0
242,2021-01-15 21:44:51,2021-01-20 21:44:36,16905060417,255497935879168,261254564022929,5756628143761,13001889545532991,0.003,0.2,39005668636599,7804514739403,0,0,109988946315,0
243,2021-01-20 21:44:51,2021-01-25 21:44:50,13368193376,261254564022929,268861912841117,7607348818188,12977832637176786,0.003,0.2,38933497911530,7789373220981,0,0,0,0
244,2021-01-25 21:44:51,2021-01-30 21:44:38,13516792921,268861912841117,276588875846127,7726963005010,12953750797382735,0.003,0.2,38861252392148,7774953837014,0,0,0,0
245,2021-01-30 21:44:51,2021-02-04 21:43:27,20044918510,276588875846127,284352137586764,7763261740637,12929566121367277,0.003,0.2,38788698364102,7761748656522,0,0,0,0
246,2021-02-04 21:44:51,2021-02-09 21:44:27,31528825577,284352137586764,292077855298344,7725717711580,12905245994461083,0.003,0.2,38715737983383,7749453361792,0,0,0,0
247,2021-02-09 21:44:51,2021-02-14 21:44:03,38567858687,292077855298344,299811858331381,7734003033037,12880948865137767,0.003,0.2,38642846595413,7736282890820,0,0,1531956174,0
248,2021-02-14 21:45:10,2021-02-19 21:44:47,32686545278,299811858331381,307469331873040,7657473541659,12856514256368052,0.003,0.2,38569542769104,7720445862876,0,0,0,0
249,2021-02-19 21:44:51,2021-02-24 21:44:33,40504763143,307469331873040,315149768885434,7680437012394,12832265659375334,0.003,0.2,38496796978126,7707460348254,0,0,0,0
250,2021-02-24 21:44:51,2021-03-01 21:44:44,41831556274,315149768885434,322747474373585,7597705488151,12807979499513648,0.003,0.2,38423938498541,7693154010963,0,0,0,0
251,2021-03-01 21:44:51,2021-03-06 21:44:46,34501532516,322747474373585,330358411585833,7610937212248,12783925491495810,0.003,0.2,38351776474487,7677255601401,0,0,0,0
252,2021-03-06 21:44:51,2021-03-11 21:44:19,30758641553,330358411585833,337791818166627,7433406580794,12759915292888389,0.003,0.2,38279745878665,7662100904044,0,0,0,0
253,2021-03-11 21:44:51,2021-03-16 21:44:49,32480018212,337791818166627,345342263589600,7550445422973,12736017185934876,0.003,0.2,38208051557805,7648106315203,0,0,0,0
254,2021-03-16 21:44:51,2021-03-21 21:44:22,43609040032,345342263589600,352786796113777,7444532524177,12711785646200955,0.003,0.2,38135356938603,7635793195727,0,0,0,0
255,2021-03-21 21:44:51,2021-03-26 21:44:36,36360919507,352786796113777,360161954760303,7375158646526,12688276934220030,0.003,0.2,38064830802660,7620238344433,0,0,0,0
256,2021-03-26 21:44:51,2021-03-31 21:44:45,30633912084,360161954760303,367449804338663,7287849578360,12665043040299013,0.003,0.2,37995129120897,7605152606596,0,0,0,0
257,2021-03-31 21:48:20,2021-04-05 21:44:46,39170561174,367449804338663,374930989230241,7481184891578,12641992243076681,0.003,0.2,37925976729230,7593029458081,0,0,0,0
258,2021-04-05 21:45:46,2021-04-10 21:44:39,37979106429,374930989230241,382322104327451,7391115097210,12618536190581649,0.003,0.2,37855608571745,7578717535635,0,0,0,0
259,2021-04-10 21:47:06,2021-04-15 21:44:37,43782816741,382322104327451,389627105010745,7305000683294,12595569991053045,0.003,0.2,37786709973159,7566098557980,0,0,0,0
260,2021-04-15 22:08:57,2021-04-20 21:44:27,46907924914,389627105010745,396980740382998,7353635372253,12572853459591508,0.003,0.2,37718560378775,7553093660738,0,0,0,0
261,2021-04-20 21:45:05,2021-04-25 21:44:45,41390363617,396980740382998,404243604632007,7262864249009,12549908795306837,0.003,0.2,37649726385921,7538223349908,0,0,0,0
262,2021-04-25 21:47:01,2021-04-30 21:44:44,37980832313,404243604632007,411581611048417,7338006416410,12527064254027631,0.003,0.2,37581192762083,7523834718879,0,0,0,0
263,2021-04-30 21:45:27,2021-05-05 21:44:49,48870395213,411581611048417,418916130935065,7334519886648,12503994895122529,0.003,0.2,37511984685368,7512171016116,0,0,0,0
264,2021-05-05 21:47:27,2021-05-10 21:44:37,57777594620,418916130935065,426275062812584,7358931877519,12480979868875769,0.003,0.2,37442939606627,7500143440249,0,0,0,0
265,2021-05-10 21:45:31,2021-05-15 21:44:40,65968954839,426275062812584,433592879391282,7317816578698,12457884526305649,0.003,0.2,37373653578917,7487924506751,0,0,0,0
266,2021-05-15 21:49:56,2021-05-20 21:44:38,68417656270,433592879391282,440912464520623,7319585129341,12434957914838905,0.003,0.2,37304873744517,7474658280157,0,0,0,0
267,2021-05-20 21:44:51,2021-05-25 21:44:45,52698878516,440912464520623,448318487744510,7406023223887,12411854285907938,0.003,0.2,37235562857724,7457652347248,0,0,0,0
268,2021-05-25 21:45:09,2021-05-30 21:44:29,44159912128,448318487744510,455707939470671,7389451726161,12388414463130348,0.003,0.2,37165243389391,7441880660304,0,0,0,0
269,2021-05-30 21:45:17,2021-06-04 21:44:32,41817190370,455707939470671,463139474652805,7431535182134,12365028524445435,0.003,0.2,37095085573336,7427380552741,0,0,0,0
270,2021-06-04 21:46:23,2021-06-09 21:43:58,36489177917,463139474652805,470491973129948,7352498477143,12341518728137774,0.003,0.2,37024556184413,7412209072466,0,0,0,0
271,2021-06-09 21:44:58,2021-06-14 21:44:19,30802442909,470491973129948,477865672126854,7373698996906,12318321891398929,0.003,0.2,36954965674197,7397153623421,0,0,0,0
272,2021-06-14 21:45:23,2021-06-19 21:44:47,29593210504,477865672126854,485181573455503,7315901328649,12295113815583721,0.003,0.2,36885341446751,7382986931451,0,0,0,0
273,2021-06-19 21:45:24,2021-06-24 21:44:49,32570360903,485181573455503,492487924250431,7306350794928,12270780512858536,0.003,0.2,36812341538576,7368982379896,0,0,0,0
274,2021-06-24 21:45:55,2021-06-29 21:44:31,28650900551,492487924250431,499813627216983,7325702966552,12247689462766311,0.003,0.2,36743068388299,7354343857770,0,0,0,0
275,2021-06-29 21:47:35,2021-07-04 21:44:46,29088470734,499813627216983,507109701568970,7296074351987,12224475923697967,0.003,0.2,36673427771094,7340503248366,0,0,0,0
276,2021-07-04 21:45:46,2021-07-09 21:44:43,30139500685,507109701568970,514411351908730,7301650339760,12201340389910655,0.003,0.2,36604021169732,7326832134083,0,0,0,0
277,2021-07-09 21:46:07,2021-07-14 21:44:48,28508156761,514411351908730,521694330279703,7282978370973,12178189995478896,0.003,0.2,36534569986437,7312615628640,0,0,0,0
278,2021-07-14 21:45:00,2021-07-19 21:44:39,28124230492,521694330279703,528893184223406,7198853943703,12155122184954568,0.003,0.2,36465366554864,7298698157071,0,0,5475137051833,0
279,2021-07-19 21:46:59,2021-07-24 21:44:41,27651228864,528893184223406,530611692658077,1718508434671,12132264814197796,0.003,0.2,36396794442593,7284889134291,0,0,0,0
280,2021-07-24 21:45:36,2021-07-29 21:44:44,31570674668,530611692658077,537801015045532,7189322387455,12109284816700841,0.003,0.2,36327854450103,7271885024954,0,0,0,0
281,2021-07-29 21:46:38,2021-08-03 21:44:42,30198103953,537801015045532,544993458360858,7192443315326,12086332559356592,0.003,0.2,36258997678070,7257839156405,0,0,0,0
282,2021-08-03 21:44:51,2021-08-08 21:44:46,33861288926,544993458360858,552109061206815,7115602845957,12063362662818908,0.003,0.2,36190087988457,7244789855477,0,0,0,0
283,2021-08-08 21:46:08,2021-08-13 21:44:15,48375612297,552109061206815,559301273768095,7192212561280,12040662411646400,0.003,0.2,36121987234939,7234072569447,0,0,0,0
284,2021-08-13 21:46:01,2021-08-18 21:44:48,53114389397,559301273768095,566496518637485,7195244869390,12017762412942030,0.003,0.2,36053287238826,7221280325645,0,0,0,0
285,2021-08-18 21:45:28,2021-08-23 21:44:42,69484110281,566496518637485,573642248264697,7145729627212,11994919913555265,0.003,0.2,35984759740666,7210848770189,0,0,0,0
286,2021-08-23 21:46:15,2021-08-28 21:44:47,80116415019,573642248264697,580813475958128,7171227693431,11972182166198574,0.003,0.2,35916546498596,7199332582723,0,0,0,0
287,2021-08-28 21:47:10,2021-09-02 21:44:45,86536781869,580813475958128,587866685636543,7053209678415,11949345585782632,0.003,0.2,35848036757348,7186914707843,0,0,0,0
288,2021-09-02 21:45:01,2021-09-07 21:44:48,99992854778,587866685636543,595010655786398,7143970149855,11927003666950877,0.003,0.2,35781011000853,7176200771126,0,0,0,0
289,2021-09-07 21:45:31,2021-09-12 21:44:47,105082493097,595010655786398,601999673290515,6989017504117,11904389292477517,0.003,0.2,35713167877433,7163650074106,0,0,0,0
290,2021-09-12 21:47:46,2021-09-17 21:44:49,88193252097,601999673290515,609002817835001,7003144544486,11882381119547453,0.003,0.2,35647143358642,7147067322148,0,0,0,0
291,2021-09-17 21:46:33,2021-09-22 21:44:36,88508486990,609002817835001,616008493107142,7005675272141,11860319467481270,0.003,0.2,35580958402444,7133893377887,0,0,0,0
292,2021-09-22 21:46:03,2021-09-27 21:44:36,94575307119,616008493107142,623039919820396,7031426713254,11838146881718587,0.003,0.2,35514440645156,7121803190455,0,0,0,0
293,2021-09-27 21:46:53,2021-10-02 21:44:37,92010214941,623039919820396,630037263793143,6997343972747,11815842837779699,0.003,0.2,35447528513339,7107907745656,0,0,0,0
294,2021-10-02 21:50:11,2021-10-07 21:44:31,85521391572,630037263793143,637024173474141,6986909680998,11793690427914625,0.003,0.2,35381071283744,7093318535063,0,0,0,0
295,2021-10-07 21:44:59,2021-10-12 21:44:44,78295367024,637024173474141,643991464810237,6967291336096,11771504387608670,0.003,0.2,35314513162826,7078561705970,0,0,0,0
296,2021-10-12 21:44:59,2021-10-17 21:44:14,76580372441,643991464810237,650852643461256,6861178651019,11749349764763643,0.003,0.2,35248049294291,7064925933346,0,0,0,0
297,2021-10-17 21:47:15,2021-10-22 21:44:43,78382709752,650852643461256,657738963676591,6886320215335,11727557414227650,0.003,0.2,35182672242683,7052210990487,0,0,0,0
298,2021-10-22 21:47:43,2021-10-27 21:44:45,98589384465,657738963676591,664536270685807,6797307009216,11705653358398389,0.003,0.2,35116960075195,7043109891932,0,0,106371219236,0
299,2021-10-27 21:46:25,2021-11-01 21:44:45,124341767708,664536270685807,671319247451273,6782976765466,11684019538729705,0.003,0.2,35052058616189,7035280076779,0,0,0,0
300,2021-11-01 21:49:05,2021-11-06 21:44:35,88206195240,671319247451273,677910511293920,6591263842647,11343887069673499,0.003,0.2,34031661209021,6823973480852,0,0,262056760507,0
301,2021-11-06 21:46:27,2021-11-11 21:44:15,97036953903,677910511293920,684275367847493,6364856553573,11323054368200473,0.003,0.2,33969163104601,6813240011701,0,0,0,0
302,2021-11-11 21:46:52,2021-11-16 21:44:14,202279497524,684275367847493,690958635875788,6683268028295,11302106993169046,0.003,0.2,33906320979507,6821720095406,0,0,0,0
303,2021-11-16 21:45:05,2021-11-21 21:44:23,103395856418,690958635875788,697557178525050,6598542649262,11280717436923376,0.003,0.2,33842152310770,6789109633438,0,0,0,0
304,2021-11-21 21:44:55,2021-11-26 21:43:39,308293830822,697557178525050,704231212591513,6674034066463,11259657628761195,0.003,0.2,33778972886284,6817453343421,0,0,0,0
305,2021-11-26 21:45:18,2021-12-01 21:44:40,156264770889,704231212591513,710796083937713,6564871346200,11238469926202349,0.003,0.2,33715409778607,6774334909899,0,0,0,0
306,2021-12-01 21:46:31,2021-12-06 21:44:50,114439696442,710796083937713,717435151480773,6639067543060,11217568742767163,0.003,0.2,33652706228302,6753429184949,0,0,0,0
307,2021-12-06 21:45:26,2021-12-11 21:43:57,127647415455,717435151480773,724010388331415,6575236850642,11196633067737696,0.003,0.2,33589899203213,6743509323734,0,0,0,0
308,2021-12-11 21:45:50,2021-12-16 21:43:58,103811542089,724010388331415,730601615685965,6591227354550,11175759253425611,0.003,0.2,33527277760277,6726217860473,0,0,0,0
309,2021-12-16 21:45:46,2021-12-21 21:44:45,134784675796,730601615685965,737110558232480,6508942546515,11154816240369338,0.003,0.2,33464448721108,6719846679381,0,0,0,0
310,2021-12-21 21:46:06,2021-12-26 21:44:36,116225490530,737110558232480,743638101982934,6527543750454,11134121506196268,0.003,0.2,33402364518589,6703718001824,0,0,0,0
311,2021-12-26 21:45:00,2021-12-31 21:44:46,107642266965,743638101982934,750091385613797,6453283630863,11113347476573099,0.003,0.2,33340042429719,6689536939337,0,0,0,0
312,2021-12-31 21:44:58,2022-01-05 21:44:40,135522429378,750091385613797,756609425944090,6518040330293,11092893736994628,0.003,0.2,33278681210984,6682840728072,0,0,0,0
313,2022-01-05 21:45:31,2022-01-10 21:44:33,182577641027,756609425944090,763121537857734,6512111913644,11072246017826610,0.003,0.2,33216738053480,6679863138901,0,0,0,0
314,2022-01-10 21:46:48,2022-01-15 21:44:03,192127658577,763121537857734,769551576595698,6430038737964,11051631533654672,0.003,0.2,33154894600964,6669404451908,0,0,0,0
315,2022-01-15 21:46:27,2022-01-20 21:44:38,269870823296,769551576595698,775800361280391,6248784684693,11031385419250644,0.003,0.2,33094156257752,6672805416210,0,0,0,0
316,2022-01-20 21:44:59,2022-01-25 21:44:50,252763162151,775800361280391,782079043389156,6278682108765,11011700944995489,0.003,0.2,33035102834987,6657573199427,0,0,0,0
317,2022-01-25 21:45:22,2022-01-30 21:44:31,252123552102,782079043389156,788297676230791,6218632841635,10992003609815988,0.003,0.2,32976010829448,6645626876310,0,0,0,0
318,2022-01-30 21:45:49,2022-02-04 21:44:26,233870176809,788297676230791,794490731721927,6193055491136,10972584901107006,0.003,0.2,32917754703321,6630324976026,0,0,0,0
319,2022-02-04 21:45:26,2022-02-09 21:44:03,242157748335,794490731721927,800775096758125,6284365036198,10953227838823001,0.003,0.2,32859683516469,6620368252961,0,0,0,0
320,2022-02-09 21:45:46,2022-02-14 21:44:31,233553475002,800775096758125,806985387511233,6210290753108,10933650872361432,0.003,0.2,32800952617084,6606901218417,0,0,7619047000000,0
321,2022-02-14 21:45:00,2022-02-19 21:44:23,243949058349,806985387511233,805605092526580,-1380294984653,10914331394835612,0.003,0.2,32742994184507,6597388648571,0,0,0,0
322,2022-02-19 21:45:01,2022-02-24 21:44:29,241654937960,805605092526580,811794260532363,6189168005783,10894905349913180,0.003,0.2,32684716049740,6585274197540,0,0,1139623841503,0
323,2022-02-24 21:48:43,2022-03-01 21:44:42,226099862852,811794260532363,816782078123190,4987817590827,10875612782714797,0.003,0.2,32626838348144,6570587642199,0,0,0,0
324,2022-03-01 21:45:52,2022-03-06 21:44:45,218116421930,816782078123190,822987529535214,6205451412024,10856555549633463,0.003,0.2,32569666648900,6557556614166,0,0,0,0
325,2022-03-06 21:45:28,2022-03-11 21:44:47,197003983114,822987529535214,829237846580369,6250317045155,10837286615744764,0.003,0.2,32511859847234,6541772766070,0,0,0,0
326,2022-03-11 21:48:10,2022-03-16 21:44:08,226748921164,829237846580369,835407607356681,6169760776312,10817894577514127,0.003,0.2,32453683732542,6536086530741,0,0,0,0
327,2022-03-16 21:45:06,2022-03-21 21:44:10,229617380821,835407607356681,841610183661313,6202576304632,10798756714539428,0.003,0.2,32396270143618,6525177504888,0,0,0,0
328,2022-03-21 21:45:16,2022-03-26 21:43:35,227208702587,841610183661313,847806215028479,6196031367166,10779457383188418,0.003,0.2,32338372149565,6513116170430,0,0,0,0
329,2022-03-26 21:44:51,2022-03-31 21:44:35,232457560903,847806215028479,853941152115025,6134937086546,10760324733104603,0.003,0.2,32280974199314,6502686352043,0,0,0,0
330,2022-03-31 21:46:34,2022-04-05 21:44:35,215991479619,853941152115025,860166383169807,6225231054782,10741397939952327,0.003,0.2,32224193819857,6488037059895,0,0,0,0
331,2022-04-05 21:45:02,2022-04-10 21:44:42,176480861305,860166383169807,866276896064357,6110512894550,10722297918395194,0.003,0.2,32166893755186,6468674923298,0,0,0,0
332,2022-04-10 21:46:19,2022-04-15 21:44:42,211816288426,866276896064357,872471870892203,6194974827846,10702736716126709,0.003,0.2,32108210148380,6464005287361,0,0,0,0
333,2022-04-15 21:47:28,2022-04-20 21:44:48,209376078021,872471870892203,878653307632686,6181436740483,10682871684482153,0.003,0.2,32048615053447,6451598226293,0,0,0,0
334,2022-04-20 21:45:15,2022-04-25 21:44:50,192921162356,878653307632686,884736526609247,6083218976561,10662954751304020,0.003,0.2,31988864253912,6436357083254,0,0,0,0
335,2022-04-25 21:45:07,2022-04-30 21:44:36,205828054439,884736526609247,890778684245517,6042157636270,10643350776202190,0.003,0.2,31930052328607,6427176076609,0,0,0,0
336,2022-04-30 21:45:16,2022-05-05 21:44:43,192024791502,890778684245517,896790999922300,6012315676783,10623895506123552,0.003,0.2,31871686518371,6412742261975,0,0,0,0
337,2022-05-05 21:47:30,2022-05-10 21:44:32,173248817607,896790999922300,902856542906841,6065542984541,10604486697782318,0.003,0.2,31813460093347,6397341782191,0,0,0,0
338,2022-05-10 21:46:50,2022-05-15 21:44:36,172421937813,902856542906841,908925569281222,6069026374381,10584926320452051,0.003,0.2,31754778961356,6385440179834,0,0,0,0
339,2022-05-15 21:51:33,2022-05-20 21:43:05,168281312815,908925569281222,915064913598237,6139344317015,10565374767957279,0.003,0.2,31696124303872,6372881123337,0,0,0,0
340,2022-05-20 21:45:55,2022-05-25 21:44:42,160002862256,915064913598237,921148142062990,6083228464753,10545586696000514,0.003,0.2,31636760088002,6359352590052,0,0,0,0
341,2022-05-25 21:46:06,2022-05-30 21:44:47,169007597834,921148142062990,927231126863356,6082984800366,10526055083287405,0.003,0.2,31578165249862,6349434569539,0,0,32917616075497,0
342,2022-05-30 21:46:12,2022-06-04 21:44:08,163696811862,927231126863356,900379780082021,-26851346781335,10506491829002854,0.003,0.2,31519475487009,6336634459774,0,0,0,0
343,2022-06-04 21:45:16,2022-06-09 21:44:47,162340782180,900379780082021,906447014546351,6067234464330,10487149571006994,0.003,0.2,31461448713021,6324757899040,0,0,0,0
344,2022-06-09 21:46:36,2022-06-14 21:44:35,138919762103,906447014546351,912584295685928,6137281139577,10467739665223957,0.003,0.2,31403218995672,6308427751555,0,0,0,0
345,2022-06-14 21:45:06,2022-06-19 21:44:39,121086316506,912584295685928,918713205275544,6128909589616,10448049960041700,0.003,0.2,31344149880125,6293047239326,0,0,0,0
346,2022-06-19 21:48:19,2022-06-24 21:44:28,116216272055,918713205275544,924761379220192,6048173944648,10428470110767403,0.003,0.2,31285410332302,6280325320871,0,0,0,0
347,2022-06-24 21:45:00,2022-06-29 21:44:42,122720682635,924761379220192,930867659133409,6106279913217,10409105745481118,0.003,0.2,31227317236443,6270007583816,0,0,0,0
348,2022-06-29 21:45:32,2022-07-04 21:43:45,123792277750,930867659133409,936834108750911,5966449617502,10389506871116964,0.003,0.2,31168520613351,6258462578220,0,0,0,0
349,2022-07-04 21:45:30,2022-07-09 21:44:47,125541678700,936834108750911,942432272103687,5598163352776,10370377949854532,0.003,0.2,31111133849564,6247335105653,0,0,0,0
350,2022-07-09 21:45:34,2022-07-14 21:44:42,115135305638,942432272103687,948203440354410,5771168250723,10352411929782702,0.003,0.2,31057235789348,6234474218997,0,0,0,0
351,2022-07-14 21:45:36,2022-07-19 21:44:07,141792415732,948203440354410,954249374293574,6045933939164,10333899043124872,0.003,0.2,31001697129375,6228697909021,0,0,0,0
352,2022-07-19 21:44:58,2022-07-24 21:44:17,134611424626,954249374293574,960277877068492,6028502774918,10314641202700475,0.003,0.2,30943923608101,6215707006545,0,0,0,0
353,2022-07-24 21:47:00,2022-07-29 21:44:31,121313174941,960277877068492,966281863995315,6003986926823,10295428286983073,0.003,0.2,30886284860949,6201519607178,0,0,0,0
354,2022-07-29 21:44:51,2022-08-03 21:44:50,146116971676,966281863995315,972182782671244,5900918675929,10276330879384622,0.003,0.2,30828992638154,6195021921966,0,0,0,0
355,2022-08-03 21:45:02,2022-08-08 21:44:46,127309306074,972182782671244,977973384876487,5790602205243,10257589126504652,0.003,0.2,30772767379514,6180015337118,0,0,0,0
356,2022-08-08 21:45:00,2022-08-13 21:44:46,116037863239,977973384876487,983837643868650,5864258992163,10239288792981608,0.003,0.2,30717866378945,6166780848437,0,0,0,0
357,2022-08-13 21:46:53,2022-08-18 21:44:42,125139811300,983837643868650,989776809984523,5939166115873,10220679892460660,0.003,0.2,30662039677382,6157435897736,0,0,0,0
358,2022-08-18 21:44:58,2022-08-23 21:44:46,122422588869,989776809984523,995690025485814,5913215501291,10201748722980993,0.003,0.2,30605246168943,6145533751562,0,0,0,0
359,2022-08-23 21:45:52,2022-08-28 21:42:39,113844382083,995690025485814,1001568454234009,5878428748195,10182918483065564,0.003,0.2,30548755449197,6132519966256,0,0,0,0
360,2022-08-28 21:45:32,2022-09-02 21:44:28,116644395040,1001568454234009,1007570211324963,6001757090954,10164188969499216,0.003,0.2,30492566908498,6121842260708,0,0,0,0
361,2022-09-02 21:49:50,2022-09-07 21:44:46,116245201535,1007570211324963,1013519055278692,5948843953729,10145052424519948,0.003,0.2,30435157273560,6110280495019,0,0,0,0
362,2022-09-07 21:56:05,2022-09-12 21:44:47,105632674757,1013519055278692,1019513669653941,5994614375249,10126038387141609,0.003,0.2,30378115161425,6096749567236,0,0,0,0
363,2022-09-12 21:53:14,2022-09-17 21:44:21,96402895987,1019513669653941,1025501175173226,5987505519285,10106899741240898,0.003,0.2,30320699223723,6083420423942,0,0,0,0
364,2022-09-17 21:45:01,2022-09-22 21:44:47,108558934873,1025501175173226,1031482492741569,5981317568343,10087736962737259,0.003,0.2,30263210888212,6074353964617,0,0,0,0
365,2022-09-22 21:46:27,2022-09-27 21:44:36,104151206114,1031482492741569,1037476762140256,5994269398687,10068593369607165,0.003,0.2,30205780108822,6061986262987,0,0,0,0
366,2022-09-27 21:45:11,2022-10-02 21:44:26,118397841967,1037476762140256,1043351943571270,5875181431014,10049419651037034,0.003,0.2,30148258953111,6053331359016,0,0,0,0
367,2022-10-02 21:45:57,2022-10-07 21:44:31,108742623350,1043351943571270,1049235663440299,5883719869029,10030500598819482,0.003,0.2,30091501796458,6040048883962,0,0,0,0
368,2022-10-07 21:45:45,2022-10-12 21:44:36,107883932533,1049235663440299,1055149630369187,5913966928888,10011568005046602,0.003,0.2,30034704015140,6028517589535,0,0,0,0
369,2022-10-12 21:45:08,2022-10-17 21:44:34,128070030085,1055149630369187,1060989482938007,5839852568820,9992648700658977,0.003,0.2,29977946101977,6021203226412,0,0,0,0
370,2022-10-17 21:48:28,2022-10-22 21:44:24,152923380161,1060989482938007,1066870216358458,5880733420451,9973897045344554,0.003,0.2,29921691136034,6014922903239,0,0,0,0
371,2022-10-22 21:46:23,2022-10-27 21:44:30,156667997533,1066870216358458,1072721304252673,5851087894215,9954979169676611,0.003,0.2,29864937509030,6004321101313,0,0,0,0
372,2022-10-27 21:44:55,2022-11-01 21:44:35,135182484587,1072721304252673,1078611968858093,5890664605420,9936114349742976,0.003,0.2,29808343049229,5988705106763,0,0,0,0
373,2022-11-01 21:44:51,2022-11-06 21:44:46,132842803910,1078611968858093,1084442000419800,5830031561707,9917197168085496,0.003,0.2,29751591504257,5976886861633,0,0,0,0
374,2022-11-06 21:44:51,2022-11-11 21:44:47,113974926022,1084442000419800,1090284059434660,5842059014860,9898528859081034,0.003,0.2,29695586577243,5961912300653,0,0,39432064006444,0
375,2022-11-11 21:48:29,2022-11-16 21:44:38,108476815659,1090284059434660,1056673748569830,-33610310864830,9879803953263264,0.003,0.2,29639411859790,5949577735090,0,0,0,0
376,2022-11-16 21:46:42,2022-11-21 21:44:19,113192136071,1056673748569830,1062423482265345,5749733695515,9861116544907807,0.003,0.2,29583349634723,5939308354159,0,0,0,0
377,2022-11-21 21:50:06,2022-11-26 21:44:28,130798478937,1062423482265345,1068123742127903,5700259862558,9842652064089820,0.003,0.2,29527956192270,5931750934241,0,0,0,0
378,2022-11-26 21:45:36,2022-12-01 21:43:59,106316486792,1068123742127903,1073761279310734,5637537182831,9824321019586905,0.003,0.2,29472963058761,5915855909111,0,0,0,0
379,2022-12-01 21:45:29,2022-12-06 21:43:55,109851370234,1073761279310734,1079524909809257,5763630498523,9806194893505457,0.003,0.2,29418584680516,5905687210150,0,0,0,0
380,2022-12-06 21:45:07,2022-12-11 21:44:45,105673704020,1079524909809257,1085266054287657,5741144478400,9787739043117847,0.003,0.2,29363217129354,5893778166675,0,0,0,0
381,2022-12-11 21:51:19,2022-12-16 21:44:04,125323734583,1085266054287657,1090977794605066,5711740317409,9769359542724410,0.003,0.2,29308078628173,5886680472551,0,0,0,0
382,2022-12-16 21:46:16,2022-12-21 21:44:40,118921741629,1090977794605066,1096769891327182,5792096722116,9751099859203471,0.003,0.2,29253299577610,5874444263848,0,0,0,0
383,2022-12-21 21:45:35,2022-12-26 21:44:46,108281387091,1096769891327182,1102477860882235,5707969555053,9732579730335267,0.003,0.2,29197739191006,5861204115619,0,0,0,0
384,2022-12-26 21:45:28,2022-12-31 21:43:57,115005681766,1102477860882235,1108231313584225,5753452701990,9714372537673880,0.003,0.2,29143117613022,5851624658958,0,0,0,0
385,2022-12-31 21:44:55,2023-01-05 21:44:42,127566331717,1108231313584225,1113894699593937,5663386009712,9696062028066324,0.003,0.2,29088186084199,5843150483183,0,0,0,0
386,2023-01-05 21:44:51,2023-01-10 21:44:22,144027011453,1113894699593937,1119569090557032,5674390963095,9677898230050332,0.003,0.2,29033694690151,5835544340321,0,0,0,0
387,2023-01-10 21:46:08,2023-01-15 21:44:49,126905468922,1119569090557032,1125283441597315,5714351040283,9659613006525152,0.003,0.2,28978839019576,5821148897699,0,0,0,0
388,2023-01-15 21:48:10,2023-01-20 21:44:39,117656039688,1125283441597315,1130915186538430,5631744941115,9641213380131503,0.003,0.2,28923640140395,5808259236017,0,0,0,0
389,2023-01-20 21:48:38,2023-01-25 21:44:33,115998871359,1130915186538430,1136579323491238,5664136952808,9623238621042507,0.003,0.2,28869715863128,5797142946897,0,0,0,0
390,2023-01-25 21:46:08,2023-01-30 21:44:37,118283250151,1136579323491238,1142264335933469,5685012442231,9605003170159443,0.003,0.2,28815009510478,5786658552126,0,0,0,0
391,2023-01-30 21:46:15,2023-02-04 21:44:37,146394866089,1142264335933469,1147834888160445,5570552226976,9586693644501587,0.003,0.2,28760080933505,5781295159919,0,0,0,0
392,2023-02-04 21:48:54,2023-02-09 21:44:34,134519828370,1147834888160445,1153424016337181,5589128176736,9568737675719031,0.003,0.2,28706213027157,5768146571105,0,0,0,0
393,2023-02-09 21:46:32,2023-02-14 21:44:50,110204364303,1153424016337181,1159053622658953,5629606321772,9550707326420076,0.003,0.2,28652121979260,5752465268713,0,0,0,0
394,2023-02-14 21:46:16,2023-02-19 21:44:43,98381165945,1159053622658953,1164535619945030,5481997286077,9532573493585434,0.003,0.2,28597720480756,5739220329340,0,0,0,0
395,2023-02-19 21:44:59,2023-02-24 21:44:48,92866059325,1164535619945030,1170067020486250,5531400541220,9514934935216517,0.003,0.2,28544804805650,5727534172995,0,0,0,0
396,2023-02-24 21:47:42,2023-03-01 21:44:38,95935934203,1170067020486250,1175513742012425,5446721526175,9497133409472783,0.003,0.2,28491400228418,5717467232524,0,0,0,0
397,2023-03-01 21:45:54,2023-03-06 21:44:50,94512063494,1175513742012425,1181075985373286,5562243360861,9479585689711008,0.003,0.2,28438757069133,5706653826525,0,0,0,0
398,2023-03-06 21:46:33,2023-03-11 21:44:09,91606923726,1181075985373286,1186758136337642,5682150964356,9461815546187508,0.003,0.2,28385446638563,5695410712458,0,0,0,0
399,2023-03-11 21:48:16,2023-03-16 21:44:34,100057069132,1186758136337642,1192381615518303,5623479180661,9443972566840349,0.003,0.2,28331917700521,5686394953931,0,0,0,0
400,2023-03-16 21:48:38,2023-03-21 21:44:34,107737939769,1192381615518303,1198058432944920,5676817426617,9426301009576749,0.003,0.2,28278903028730,5677328193700,0,0,0,0
401,2023-03-21 21:45:15,2023-03-26 21:44:25,98420247794,1198058432944920,1203571262060792,5512829115872,9408537858242252,0.003,0.2,28225613574727,5664806764504,0,0,0,0
402,2023-03-26 21:46:12,2023-03-31 21:44:44,81843315874,1203571262060792,1209099799354716,5528537293924,9391113276049044,0.003,0.2,28173339828147,5651036628804,0,0,0,0
403,2023-03-31 21:49:49,2023-04-05 21:44:31,89160098747,1209099799354716,1214559938325861,5460138971145,9373759520550477,0.003,0.2,28121278561651,5642087732080,0,0,0,0
404,2023-04-05 21:45:37,2023-04-10 21:44:09,81840980787,1214559938325861,1220072850270466,5512911944605,9356641772388785,0.003,0.2,28069925317166,5630353259591,0,0,0,0
405,2023-04-10 21:45:36,2023-04-15 21:44:43,95730080127,1220072850270466,1225541030930729,5468180660263,9339311033457902,0.003,0.2,28017933100374,5622732636100,0,0,0,0
406,2023-04-15 21:46:34,2023-04-20 21:44:45,89563158021,1225541030930729,1230997735876222,5456704945493,9322254273087787,0.003,0.2,27966762819263,5611265195457,0,0,0,0
407,2023-04-20 21:46:22,2023-04-25 21:44:32,89902825527,1230997735876222,1236437634639208,5439898762986,9305382922879304,0.003,0.2,27916148768638,5601210318833,0,0,0,0
408,2023-04-25 21:46:35,2023-04-30 21:44:42,81606583481,1236437634639208,1241944161023134,5506526383926,9288701770557405,0.003,0.2,27866105311672,5589542379031,0,0,0,0
409,2023-04-30 21:47:21,2023-05-05 21:44:13,112970641738,1241944161023134,1247455873909450,5511712886316,9272157715492362,0.003,0.2,27816473146477,5585888757643,0,0,8931404863383,0
410,2023-05-05 21:45:10,2023-05-10 21:44:27,144531788134,1247455873909450,1244154789634220,-3301084275230,9255427816188677,0.003,0.2,27766283448566,5582163047340,0,0,0,0
411,2023-05-10 21:46:15,2023-05-15 21:44:41,113966019030,1244154789634220,1249688145781837,5533356147617,9238655017642055,0.003,0.2,27715965052926,5565986214391,0,0,0,0
412,2023-05-15 21:46:10,2023-05-20 21:43:39,117744837387,1249688145781837,1255205718727929,5517572946092,9222302989055674,0.003,0.2,27666908967167,5556930760911,0,0,0,0
413,2023-05-20 21:47:36,2023-05-25 21:44:33,149969305714,1255205718727929,1261091761016337,5886042288408,9206053137433248,0.003,0.2,27618159412300,5553625743603,0,0,0,0
414,2023-05-25 21:46:32,2023-05-30 21:44:42,164499006117,1261091761016337,1266965539860820,5873778844483,9189561743422242,0.003,0.2,27568685230267,5546636847277,0,0,0,0
415,2023-05-30 21:45:29,2023-06-04 21:44:50,178691909769,1266965539860820,1272798631646023,5833091785203,9173472878616637,0.003,0.2,27520418635850,5539822109124,0,0,0,0
416,2023-06-04 21:46:57,2023-06-09 21:44:47,169559835776,1272798631646023,1278342807280510,5544175634487,9157220397160138,0.003,0.2,27471661191480,5528244205451,0,0,0,0
417,2023-06-09 21:47:26,2023-06-14 21:44:28,134243110070,1278342807280510,1283676763623901,5333956343391,9141408669939478,0.003,0.2,27424226009818,5511693823978,0,0,0,0
418,2023-06-14 21:44:54,2023-06-19 21:44:13,120268372942,1283676763623901,1289082659079958,5405895456057,9126046644944245,0.003,0.2,27378139934833,5499681661555,0,0,0,0
419,2023-06-19 21:45:21,2023-06-24 21:44:39,128880013669,1289082659079958,1294423169897744,5340510817786,9110127202404423,0.003,0.2,27330381607213,5491852324176,0,0,0,0
420,2023-06-24 21:45:05,2023-06-29 21:44:38,141402900482,1294423169897744,1299778626218859,5355456321115,9094338748570024,0.003,0.2,27283016245710,5484883829238,0,0,0,0
421,2023-06-29 21:46:01,2023-07-04 21:44:43,135605137798,1299778626218859,1305029315722194,5250689503335,9078521499110565,0.003,0.2,27235564497332,5474233927026,0,0,0,0
422,2023-07-04 21:45:05,2023-07-09 21:44:48,146019384340,1305029315722194,1310263863997300,5234548275106,9063032557660485,0.003,0.2,27189097672982,5467023411464,0,0,0,0
423,2023-07-09 21:44:51,2023-07-14 21:44:36,158543961356,1310263863997300,1315551035659310,5287171662010,9047622199764891,0.003,0.2,27142866599295,5460282112130,0,0,0,0
424,2023-07-14 21:44:58,2023-07-19 21:44:40,126583595594,1315551035659310,1320864396635145,5313360975835,9032034292857262,0.003,0.2,27096102878572,5444537294833,0,0,0,0
425,2023-07-19 21:45:17,2023-07-24 21:44:37,132388057408,1320864396635145,1326160702195945,5296305560800,9016392244472160,0.003,0.2,27049176733417,5436312958165,0,0,0,0
426,2023-07-24 21:45:42,2023-07-29 21:44:44,126908377168,1326160702195945,1331451253889835,5290551693890,9000866603128574,0.003,0.2,27002599809386,5425901637311,0,0,0,0
427,2023-07-29 21:45:43,2023-08-03 21:44:49,111377755881,1331451253889835,1336737020880096,5285766990261,8985278126640115,0.003,0.2,26955834379920,5413442427160,0,0,0,0
428,2023-08-03 21:44:55,2023-08-08 21:44:29,123472666660,1336737020880096,1341996676328651,5259655448555,8969722014329330,0.003,0.2,26909166042988,5406527741930,0,0,0,0
429,2023-08-08 21:45:12,2023-08-13 21:44:32,95911502104,1341996676328651,1347267485402985,5270809074334,8954215876954027,0.003,0.2,26862647630862,5391711826593,0,0,0,0
430,2023-08-13 21:45:03,2023-08-18 21:44:28,92908383223,1347267485402985,1352522451375734,5254965972749,8938829163644506,0.003,0.2,26816487490934,5381879174831,0,0,0,0
431,2023-08-18 21:44:53,2023-08-23 21:44:20,85200251438,1352522451375734,1357779071669941,5256620294207,8923448699710227,0.003,0.2,26770346099131,5371109270114,0,0,0,0
432,2023-08-23 21:44:52,2023-08-28 21:44:44,81096601264,1357779071669941,1363023110216084,5244038546143,8908035374574998,0.003,0.2,26724106123725,5361040544998,0,0,0,0
433,2023-08-28 21:45:05,2023-09-02 21:44:21,97181599871,1363023110216084,1368214253632528,5191143416444,8892643599428594,0.003,0.2,26677930798286,5355022479631,0,0,0,0
434,2023-09-02 21:45:09,2023-09-07 21:44:50,80850640036,1368214253632528,1373239820320665,5025566688137,8877370345904236,0.003,0.2,26632111037713,5342592335550,0,0,0,0
435,2023-09-07 21:45:30,2023-09-12 21:44:43,80726565041,1373239820320665,1378419161023568,5179340702903,8862589414115358,0.003,0.2,26587768242346,5333698961477,0,0,0,0
436,2023-09-12 21:45:10,2023-09-17 21:44:44,76712051292,1378419161023568,1383599670487649,5180509464081,8847342747476447,0.003,0.2,26542028242429,5323748058744,0,0,0,0
437,2023-09-17 21:44:58,2023-09-22 21:43:46,75841342949,1383599670487649,1388777091806873,5177421319224,8832022058874836,0.003,0.2,26496066176625,5314381503915,0,0,0,0
438,2023-09-22 21:45:05,2023-09-27 21:44:41,94494265027,1388777091806873,1394003371321239,5226279514366,8816766950673503,0.003,0.2,26450300852021,5308959023410,0,0,0,0
439,2023-09-27 21:45:09,2023-10-02 21:44:42,104217504420,1394003371321239,1399218565292671,5215193971432,8801415188576255,0.003,0.2,26404245565729,5301692614030,0,0,0,0
440,2023-10-02 21:44:51,2023-10-07 21:43:27,95326704362,1399218565292671,1404363573077985,5145007785314,8786093762361533,0.003,0.2,26358281287085,5290721598289,0,0,0,0
441,2023-10-07 21:45:01,2023-10-12 21:44:33,94168039957,1404363573077985,1409557056505625,5193483427640,8770985210124101,0.003,0.2,26312955630372,5281424734066,0,0,50000000000000,0
442,2023-10-12 21:45:12,2023-10-17 21:44:02,102416026622,1409557056505625,1364721053361805,-44836003143820,8755712247133776,0.003,0.2,26267136741401,5273910553605,0,0,0,0
443,2023-10-17 21:45:40,2023-10-22 21:44:05,89675434107,1364721053361805,1369908624960600,5187571598795,8740627073337488,0.003,0.2,26221881220013,5262311330824,0,0,0,0
444,2023-10-22 21:45:08,2023-10-27 21:44:39,104860675153,1369908624960600,1375019903319223,5111278358623,8725270759466564,0.003,0.2,26175812278400,5256134590711,0,0,0,0
445,2023-10-27 21:45:10,2023-11-01 21:44:49,95519681541,1375019903319223,1380197545352859,5177642033636,8710191636492473,0.003,0.2,26130574909477,5245218918204,0,0,0,0
446,2023-11-01 21:46:00,2023-11-06 21:44:41,103376974891,1380197545352859,1385334935731313,5137390378454,8694963287980163,0.003,0.2,26084889863941,5237653367766,0,0,0,0
447,2023-11-06 21:45:50,2023-11-11 21:44:49,104111334647,1385334935731313,1390422658558876,5087722827563,8679810673091783,0.003,0.2,26039432019275,5228708670784,0,0,0,0
448,2023-11-11 21:46:14,2023-11-16 21:44:12,102026957711,1390422658558876,1395516870297212,5094211738336,8664777302912097,0.003,0.2,25994331908736,5219271773289,0,0,0,0
449,2023-11-16 21:44:57,2023-11-21 21:44:43,97810290193,1395516870297212,1400647065598924,5130195301712,8649726897692243,0.003,0.2,25949180693077,5209398196654,0,0,0,0
450,2023-11-21 21:44:51,2023-11-26 21:44:36,89061401822,1400647065598924,1405748420583942,5101354985018,8634608907096306,0.003,0.2,25903826721289,5198577624622,0,0,0,0
451,2023-11-26 21:44:58,2023-12-01 21:44:22,100347025883,1405748420583942,1410808637386707,5060216802765,8619584135017586,0.003,0.2,25858752405053,5191819886187,0,0,0,0
452,2023-12-01 21:44:52,2023-12-06 21:44:48,121425743292,1410808637386707,1415822553230528,5013915843821,8604731076564123,0.003,0.2,25814193229692,5187123794597,0,0,0,0
453,2023-12-06 21:45:15,2023-12-11 21:44:42,169299131726,1415822553230528,1420889749919979,5067196689451,8589957179575095,0.003,0.2,25769871538725,5187834134090,0,0,0,0
454,2023-12-11 21:46:00,2023-12-16 21:44:34,166398424201,1420889749919979,1426000643140040,5110893220061,8575057374648348,0.003,0.2,25725172123945,5178314109629,0,0,0,0
455,2023-12-16 21:44:53,2023-12-21 21:44:19,164148391587,1426000643140040,1431025090491411,5024447351371,8560024968913102,0.003,0.2,25680074906739,5168844659665,0,0,0,0
456,2023-12-21 21:45:01,2023-12-26 21:44:25,146643347671,1431025090491411,1436093215624403,5068125132992,8545305926326569,0.003,0.2,25635917778980,5156512225330,0,0,0,0
457,2023-12-26 21:45:09,2023-12-31 21:44:29,165239539583,1436093215624403,1441157257090799,5064041466396,8530456126418253,0.003,0.2,25591368379255,5151321583768,0,0,0,0
458,2023-12-31 21:45:01,2024-01-05 21:44:41,150603248974,1441157257090799,1446160832567429,5003575476630,8515623736425579,0.003,0.2,25546871209277,5139494891650,0,0,0,0
459,2024-01-05 21:45:31,2024-01-10 21:44:46,149502178144,1446160832567429,1451242730302673,5081897735244,8501083191092514,0.003,0.2,25503249573278,5130550350284,0,0,0,0
460,2024-01-10 21:45:09,2024-01-15 21:44:47,149921795091,1451242730302673,1456239280414863,4996550112190,8486301514701735,0.003,0.2,25458904544105,5121765267839,0,0,0,0
461,2024-01-15 21:45:12,2024-01-20 21:44:46,130779342061,1456239280414863,1461210460215224,4971179800361,8471762024474669,0.003,0.2,25415286073424,5109213083097,0,0,0,0
462,2024-01-20 21:44:58,2024-01-25 21:44:39,125330099819,1461210460215224,1466149536674751,4939076459527,8457302540309566,0.003,0.2,25371907620929,5099447544150,0,0,0,0
463,2024-01-25 21:45:36,2024-01-30 21:44:40,110907245455,1466149536674751,1471045157553368,4895620878617,8442920926434661,0.003,0.2,25328762779304,5087934004952,0,0,0,0
464,2024-01-30 21:45:37,2024-02-04 21:44:42,116912422703,1471045157553368,1475975213267045,4930055713677,8428636511768877,0.003,0.2,25285909535307,5080564391602,0,0,0,0
465,2024-02-04 21:45:14,2024-02-09 21:44:29,117812147465,1475975213267045,1480770938730322,4795725463277,8414256054893475,0.003,0.2,25242768164680,5072116062429,0,0,0,0
466,2024-02-09 21:45:19,2024-02-14 21:44:35,121919432526,1480770938730322,1485636514586773,4865575856451,8400262854415407,0.003,0.2,25200788563246,5064541599154,0,0,0,0
467,2024-02-14 21:45:05,2024-02-19 21:44:37,115983833237,1485636514586773,1490528575180145,4892060593372,8386071088078952,0.003,0.2,25158213264237,5054839419495,0,0,0,0
468,2024-02-19 21:45:22,2024-02-24 21:44:26,116201496061,1490528575180145,1495424475832556,4895900652411,8371794055621580,0.003,0.2,25115382166865,5046316732585,0,0,0,0
469,2024-02-24 21:45:02,2024-02-29 21:44:46,121519980918,1495424475832556,1500366891487428,4942415654872,8357522743470265,0.003,0.2,25072568230411,5038817642266,0,0,0,0
470,2024-02-29 21:45:58,2024-03-05 21:44:44,133408580939,1500366891487428,1505337916378058,4971024890630,8343083956124781,0.003,0.2,25029251868374,5032532089863,0,0,0,0
471,2024-03-05 21:45:28,2024-03-10 21:43:29,136006087043,1505337916378058,1510300484886250,4962568508192,8328570503552617,0.003,0.2,24985711510658,5024343519540,0,0,52140000000000,0
472,2024-03-10 21:45:06,2024-03-15 21:44:18,123634509077,1510300484886250,1463134694007783,-47165790878467,8314145263148908,0.003,0.2,24942435789447,5013214059705,0,0,0,0
473,2024-03-15 21:45:26,2024-03-20 21:44:35,105972074454,1463134694007783,1468083519808458,4948825800675,8299712464198532,0.003,0.2,24899137392596,5001021893410,0,0,0,0
474,2024-03-20 21:45:05,2024-03-25 21:44:43,83019604600,1468083519808458,1472947334083940,4863814275482,8285364056959992,0.003,0.2,24856092170880,4987822355096,0,0,0,0
475,2024-03-25 21:45:00,2024-03-30 21:44:49,98050528642,1472947334083940,1477802105663126,4854771579186,8271283701035530,0.003,0.2,24813851103107,4982380326350,0,0,0,0
476,2024-03-30 21:44:55,2024-04-04 21:44:37,102081461302,1477802105663126,1482630527975380,4828422312254,8257181621486334,0.003,0.2,24771544864459,4974725265152,0,0,0,0
477,2024-04-04 21:44:52,2024-04-09 21:44:35,94128682735,1482630527975380,1487521974453746,4891446478366,8243160250015058,0.003,0.2,24729480750045,4964721886556,0,0,0,0
478,2024-04-09 21:45:10,2024-04-14 21:44:17,98481346800,1487521974453746,1492348596544412,4826622090666,8228975392411645,0.003,0.2,24686926177235,4957081504807,0,0,0,0
479,2024-04-14 21:44:58,2024-04-19 21:44:26,88531121892,1492348596544412,1497165313551009,4816717006597,8214994323137691,0.003,0.2,24644982969413,4946702818261,0,0,0,0
480,2024-04-19 21:45:02,2024-04-24 21:44:14,84012172874,1497165313551009,1502038291741991,4872978190982,8201129718611947,0.003,0.2,24603389155836,4937480265742,0,0,0,0
481,2024-04-24 21:45:14,2024-04-29 21:44:36,75889828347,1502038291741991,1506941118966234,4902827224243,8187070476979147,0.003,0.2,24561211430937,4927420251857,0,0,0,0
482,2024-04-29 21:45:31,2024-05-04 21:44:43,75526246011,1506941118966234,1511816216675332,4875097709098,8172897979043621,0.003,0.2,24518693937131,4918844036628,0,0,0,0
483,2024-05-04 21:45:56,2024-05-09 21:44:50,75117947461,1511816216675332,1516694508210497,4878291535165,8158797579880842,0.003,0.2,24476392739643,4910302137421,0,0,0,0
484,2024-05-09 21:45:14,2024-05-14 21:44:46,78770930119,1516694508210497,1521584234785002,4889726574505,8144675912835745,0.003,0.2,24434027738507,4902559733725,0,0,0,0
485,2024-05-14 21:44:54,2024-05-19 21:44:49,83167097183,1521584234785002,1526471044644533,4886809859531,8130526817894675,0.003,0.2,24391580453684,4894949510173,0,0,0,0
486,2024-05-19 21:45:38,2024-05-24 21:44:16,81838755765,1526471044644533,1531331315641697,4860270997164,8116368193817815,0.003,0.2,24349104581453,4886188667444,0,0,0,0
487,2024-05-24 21:45:20,2024-05-29 21:44:11,68506507251,1531331315641697,1536114019459084,4782703817387,8102288065038969,0.003,0.2,24306864195117,4875074140474,0,0,0,0
488,2024-05-29 21:44:57,2024-06-03 21:44:22,69507849957,1536114019459084,1540899754794546,4785735335462,8088437919200592,0.003,0.2,24265313757602,4866964321512,0,0,0,0
489,2024-06-03 21:45:07,2024-06-08 21:44:44,79007776775,1540899754794546,1545637399983834,4737645189288,8074565826556158,0.003,0.2,24223697479669,4860541051289,0,0,0,0
490,2024-06-08 21:45:00,2024-06-13 21:44:40,70416209324,1545637399983834,1550401607761749,4764207777915,8060828529222149,0.003,0.2,24182485587666,4850580359398,0,0,0,0
491,2024-06-13 21:44:55,2024-06-18 21:44:34,72079705835,1550401607761749,1555176058996221,4774451234472,8047010081468560,0.003,0.2,24141030244406,4842621990048,0,0,0,0
492,2024-06-18 21:44:58,2024-06-23 21:44:40,142923441716,1555176058996221,1559918119894833,4742060898612,8033172145504738,0.003,0.2,24099516436514,4848487975646,0,0,0,0
493,2024-06-23 21:45:12,2024-06-28 21:44:33,141437820728,1559918119894833,1564590697784215,4672577889382,8019423454847030,0.003,0.2,24058270364541,4839941637054,0,0,0,0
494,2024-06-28 21:44:55,2024-07-03 21:44:36,97664600823,1564590697784215,1569327676418076,4736978633861,8005883735416310,0.003,0.2,24017651206249,4823063161414,0,0,0,0
495,2024-07-03 21:44:57,2024-07-08 21:44:31,82024444572,1569327676418076,1574019542289399,4691865871323,7992233702329513,0.003,0.2,23976701106989,4811745110312,0,0,102140000000000,0
496,2024-07-08 21:45:12,2024-07-13 21:43:52,89490892177,1574019542289399,1476619445875690,-97400096413709,7978730256074581,0.003,0.2,23936190768224,4805136332080,0,0,0,0
497,2024-07-13 21:45:15,2024-07-18 21:44:47,78462502268,1476619445875690,1481317014105581,4697568229891,7965004592410008,0.003,0.2,23895013777230,4794695255900,0,0,0,0
498,2024-07-18 21:46:38,2024-07-23 21:44:48,67012196188,1481317014105581,1486007059665745,4690045560164,7951386216629221,0.003,0.2,23854158649888,4784234169215,0,0,0,0
499,2024-07-23 21:45:05,2024-07-28 21:44:28,62216157710,1486007059665745,1490725021530841,4717961865096,7937815230851221,0.003,0.2,23813445692554,4775132370053,0,0,0,0
500,2024-07-28 21:44:53,2024-08-02 21:44:43,67528053731,1490725021530841,1495403947921756,4678926390915,7924170545862647,0.003,0.2,23772511637588,4768007938264,0,0,0,0
501,2024-08-02 21:45:16,2024-08-07 21:44:44,68222967808,1495403947921756,1500074612179231,4670664257475,7910589154077874,0.003,0.2,23731767462234,4759998086008,0,0,0,0
502,2024-08-07 21:44:52,2024-08-12 21:44:18,55252759780,1500074612179231,1504763227266060,4688615086829,7897001506315015,0.003,0.2,23691004518945,4749251455745,0,0,0,0
503,2024-08-12 21:44:52,2024-08-17 21:44:13,50465238805,1504763227266060,1509473319875466,4710092609406,7883390526253263,0.003,0.2,23650171578760,4740127363513,0,0,0,0
504,2024-08-17 21:46:31,2024-08-22 21:44:35,50135685073,1509473319875466,1514131702485276,4658382609810,7869740167788845,0.003,0.2,23609220503367,4731871237688,0,0,0,0
505,2024-08-22 21:44:59,2024-08-27 21:44:43,57700605861,1514131702485276,1518869032724501,4737330239225,7856412006012711,0.003,0.2,23569236018038,4725387324780,0,0,0,0
506,2024-08-27 21:45:19,2024-09-01 21:44:50,59492203551,1518869032724501,1523532096285944,4663063561443,7842889284966704,0.003,0.2,23528667854900,4717632011690,0,0,0,0
507,2024-09-01 21:45:46,2024-09-06 21:44:09,116094310914,1523532096285944,1528154947846618,4622851560674,7829573342038784,0.003,0.2,23488720026116,4720962867406,20000000,0,0,0
508,2024-09-06 21:45:01,2024-09-11 21:44:04,93107532403,1528154947846618,1532828945705969,4673997859351,7816251180544575,0.003,0.2,23448753541634,4708372214807,0,0,0,0
509,2024-09-11 21:45:07,2024-09-16 21:44:40,69661135669,1532828945705969,1537376975934454,4548030228485,7802782712972544,0.003,0.2,23408348138918,4695601854917,0,0,0,0
510,2024-09-16 21:44:57,2024-09-21 21:44:45,132156650545,1537376975934454,1541947683854337,4570707919883,7789809997399209,0.003,0.2,23369429992198,4700317328549,0,0,0,0
511,2024-09-21 21:44:54,2024-09-26 21:44:48,65976001813,1541947683854337,1546537960700287,4590276845950,7776682557725743,0.003,0.2,23330047673177,4679204734998,0,0,0,0
512,2024-09-26 21:44:55,2024-10-01 21:44:44,68232433058,1546537960700287,1551120138892345,4582178192058,7763466534897369,0.003,0.2,23290399604692,4671726407550,0,0,0,0
513,2024-10-01 21:45:00,2024-10-06 21:44:44,52697610335,1551120138892345,1555688467465569,4568328573224,7750347819157560,0.003,0.2,23251043457473,4660748213562,0,0,0,0
514,2024-10-06 21:45:01,2024-10-11 21:44:49,58567071839,1555688467465569,1560274087294584,4585619829015,7737238847635656,0.003,0.2,23211716542907,4654056722949,0,0,0,0
515,2024-10-11 21:45:39,2024-10-16 21:44:45,59638626715,1560274087294584,1564893381140133,4619293845549,7724114066210540,0.003,0.2,23172342198632,4646396165069,0,0,0,0
516,2024-10-16 21:44:52,2024-10-21 21:44:32,65707612499,1564893381140133,1569476292253072,4582911112939,7710840811535124,0.003,0.2,23132522434605,4639646009421,0,0,0,0
517,2024-10-21 21:45:03,2024-10-26 21:43:12,69465379538,1569476292253072,1574027226901630,4550934648558,7697681960525046,0.003,0.2,23093045881575,4632502252223,0,0,0,0
518,2024-10-26 21:45:46,2024-10-31 21:44:50,72593325622,1574027226901630,1578692757476585,4665530574955,7684715051166790,0.003,0.2,23054145153500,4625347695824,0,0,0,0
519,2024-10-31 21:45:39,2024-11-05 21:44:44,72701133032,1578692757476585,1583319123795732,4626366319147,7671724883246433,0.003,0.2,23015174649739,4617575156554,0,0,0,0
520,2024-11-05 21:44:57,2024-11-10 21:44:16,125348359030,1583319123795732,1587845138859041,4526015063309,7658581735905745,0.003,0.2,22975745207717,4620218713349,0,0,0,0
521,2024-11-10 21:45:17,2024-11-15 21:44:30,126106389542,1587845138859041,1592331641228984,4486502369943,7645768723008280,0.003,0.2,22937306169025,4612682511713,0,0,0,0
522,2024-11-15 21:45:18,2024-11-20 21:44:49,180613758365,1592331641228984,1596870443401439,4538802172455,7633094000777687,0.003,0.2,22899282002333,4615979152140,0,0,0,0
523,2024-11-20 21:44:57,2024-11-25 21:44:48,200786096558,1596870443401439,1601367031103590,4496587702151,7620302863773952,0.003,0.2,22860908591322,4612338937576,0,0,0,0
524,2024-11-25 21:44:51,2024-11-30 21:44:24,178596662776,1601367031103590,1605867363924094,4500332820504,7607610747076201,0.003,0.2,22822832241229,4600285780801,0,0,0,0
525,2024-11-30 21:44:59,2024-12-05 21:43:48,211458647448,1605867363924094,1610327841943309,4460478019215,7595003223306721,0.003,0.2,22785009669920,4599293663474,0,0,0,0
526,2024-12-05 21:44:58,2024-12-10 21:44:27,190021074276,1610327841943309,1614845026268105,4517184324796,7582597266023565,0.003,0.2,22747791798071,4587562574469,0,0,0,0
527,2024-12-10 21:44:57,2024-12-15 21:44:41,158411032771,1614845026268105,1619326627836757,4481601568652,7570016745300604,0.003,0.2,22710050235902,4573692253735,0,0,0,0
528,2024-12-15 21:45:07,2024-12-20 21:44:48,132087308893,1619326627836757,1623777941276573,4451313439816,7557630419439671,0.003,0.2,22672891258319,4560995713442,0,0,0,0
529,2024-12-20 21:45:08,2024-12-25 21:44:41,113830599860,1623777941276573,1628218659074146,4440717797573,7545301818317184,0.003,0.2,22635905454952,4549947210962,0,0,0,0
530,2024-12-25 21:45:22,2024-12-30 21:44:44,103650666676,1628218659074146,1632716817250127,4498158175981,7533008055566611,0.003,0.2,22599024166700,4540534966675,0,0,0,0
531,2024-12-30 21:45:22,2025-01-04 21:44:49,107386764248,1632716817250127,1637199823678645,4483006428518,7520543391434932,0.003,0.2,22561630174305,4533803387711,0,0,0,0
532,2025-01-04 21:45:01,2025-01-09 21:44:40,92068198245,1637199823678645,1641656329184830,4456505506185,7508122101528199,0.003,0.2,22524366304585,4523286900566,0,0,0,0
533,2025-01-09 21:44:53,2025-01-14 21:44:37,97834822698,1641656329184830,1646135439887110,4479110702280,7495773911585373,0.003,0.2,22487321734756,4517031311491,0,0,0,0
534,2025-01-14 21:45:19,2025-01-19 21:44:39,135143065318,1646135439887110,1650631985932748,4496546045638,7483332054370326,0.003,0.2,22449996163111,4517027845686,0,0,0,0
535,2025-01-19 21:44:57,2025-01-24 21:44:12,102941304846,1650631985932748,1655096893563009,4464907630261,7470819003002992,0.003,0.2,22412457009009,4503079662771,0,0,0,0
536,2025-01-24 21:45:11,2025-01-29 21:43:58,93384750236,1655096893563009,1659589823833183,4492930270174,7458430104616144,0.003,0.2,22375290313848,4493735012817,0,0,0,0
537,2025-01-29 21:45:00,2025-02-03 21:44:16,117841394966,1659589823833183,1664007113173757,4417289340574,7445967855869507,0.003,0.2,22337903567609,4491148992515,3141592,0,0,0
538,2025-02-03 21:44:55,2025-02-08 21:44:28,76469312907,1664007113173757,1668494670404460,4487557230703,7433694305914142,0.003,0.2,22301082917742,4475510446130,0,0,0,0
539,2025-02-08 21:44:52,2025-02-13 21:44:26,67915279673,1668494670404460,1672936804237521,4442133833061,7421230710104429,0.003,0.2,22263692130313,4466321481997,3141592,0,0,0
540,2025-02-13 21:44:59,2025-02-18 21:44:29,76503073588,1672936804237521,1677291581661325,4354777423804,7408926927280507,0.003,0.2,22226780781842,4460656771086,0,0,0,0
541,2025-02-18 21:44:55,2025-02-23 21:44:30,74074183501,1677291581661325,1681719994417422,4428412756097,7396826608934598,0.003,0.2,22190479826804,4452910802061,0,0,0,0
542,2025-02-23 21:45:05,2025-02-28 21:44:13,73755360046,1681719994417422,1686145488917895,4425494500473,7384491692705295,0.003,0.2,22153475078116,4445446087632,0,0,0,0
543,2025-02-28 21:45:04,2025-03-05 21:44:30,99113874767,1686145488917895,1690501545334536,4356056416641,7372161971923491,0.003,0.2,22116485915771,4443119958108,0,0,0,0
544,2025-03-05 21:45:25,2025-03-10 21:44:39,66943752902,1690501545334536,1694874110569621,4372565235085,7360009982247106,0.003,0.2,22080029946741,4429394739929,0,0,0,0
545,2025-03-10 21:45:09,2025-03-15 21:44:08,63417467271,1694874110569621,1699217928890605,4343818320984,7347811044701520,0.003,0.2,22043433134105,4421370120275,3141592,0,0,0
546,2025-03-15 21:44:57,2025-03-20 21:44:18,53377937268,1699217928890605,1703528717038308,4310788147703,7335771117346353,0.003,0.2,22007313352039,4412138257861,0,0,0,0
547,2025-03-20 21:44:57,2025-03-25 21:44:41,54873551989,1703528717038308,1707859322622122,4330605583814,7323776141502598,0.003,0.2,21971328424508,4405240395299,0,0,0,0
548,2025-03-25 21:44:58,2025-03-30 21:44:36,53136772606,1707859322622122,1712261860261038,4402537638916,7311783103862433,0.003,0.2,21935349311587,4397697216839,0,0,0,0
549,2025-03-30 21:44:59,2025-04-04 21:44:40,56324445971,1712261860261038,1716669382767858,4407522506820,7299564319473914,0.003,0.2,21898692958422,4391003480879,0,0,0,0
550,2025-04-04 21:44:51,2025-04-09 21:44:41,67431504009,1716669382767858,1721027451020579,4358068252721,7287372980420867,0.003,0.2,21862118941263,4385910089054,685165824878,0,0,0
551,2025-04-09 21:45:18,2025-04-14 21:44:16,53017461145,1721027451020579,1726047077836483,5019626815904,7275303870393836,0.003,0.2,21825911611182,4375785814465,0,0,0,0
552,2025-04-14 21:45:00,2025-04-19 21:43:43,50927072843,1726047077836483,1730343069063130,4295991226647,7263297721984758,0.003,0.2,21789893165954,4368164047759,0,0,0,0
553,2025-04-19 21:45:24,2025-04-24 21:44:47,64560236707,1730343069063130,1734673185491213,4330116428083,7251344361797924,0.003,0.2,21754033085394,4363718664420,0,0,0,0
554,2025-04-24 21:45:15,2025-04-29 21:44:47,68441198106,1734673185491213,1739008615838196,4335430346983,7239343896065115,0.003,0.2,21718031688195,4357294577260,0,0,0,0
555,2025-04-29 21:45:29,2025-05-04 21:44:45,59835064481,1739008615838196,1743348402076197,4339786238001,7227379990267374,0.003,0.2,21682139970802,4348395007057,0,0,0,0
556,2025-05-04 21:45:10,2025-05-09 21:44:49,66709040539,1743348402076197,1747689209080869,4340807004672,7215372882539040,0.003,0.2,21646118647617,4342565537631,3141592,0,0,0
557,2025-05-09 21:44:57,2025-05-14 21:44:38,71848824176,1747689209080869,1751960844921027,4271635840158,7203284394203835,0.003,0.2,21609853182612,4336340401358,0,0,0,0
558,2025-05-14 21:45:10,2025-05-19 21:44:08,65678280212,1751960844921027,1756292565163609,4331720242582,7191306922028738,0.003,0.2,21573920766086,4327919809260,3000000,0,0,0
559,2025-05-19 21:45:07,2025-05-24 21:44:49,65549685494,1756292565163609,1760542592099957,4250026936348,7179190548389205,0.003,0.2,21537571645168,4320624266132,35001000000,0,0,0
560,2025-05-24 21:45:03,2025-05-29 21:44:32,58785812262,1760542592099957,1764858484971318,4315892871361,7167304151917849,0.003,0.2,21501912455754,4312139653603,0,0,0,0
561,2025-05-29 21:45:01,2025-06-03 21:44:50,62471219138,1764858484971318,1769070988271220,4212503299902,7155310770495321,0.003,0.2,21465932311486,4305680706125,0,0,0,0
562,2025-06-03 21:44:52,2025-06-08 21:43:57,57692892585,1769070988271220,1773324623715012,4253635443792,7143512059809197,0.003,0.2,21430536179428,4297645814403,0,0,0,0
563,2025-06-08 21:45:28,2025-06-13 21:44:49,64359325919,1773324623715012,1777598306850688,4273683135676,7131582407880455,0.003,0.2,21394747223641,4291821309912,0,0,0,0
564,2025-06-13 21:45:32,2025-06-18 21:44:34,55090590473,1777598306850688,1781861638625568,4263331774880,7119603164653180,0.003,0.2,21358809493960,4282780016887,0,0,0,0
565,2025-06-18 21:45:01,2025-06-23 21:44:15,58995932473,1781861638625568,1786094570568060,4232931942492,7107661935971911,0.003,0.2,21322985807916,4276396348078,0,0,0,0
566,2025-06-23 21:45:23,2025-06-28 21:44:28,54808134305,1786094570568060,1790306195001816,4211624433756,7095848084245357,0.003,0.2,21287544252736,4268470477408,0,0,0,0
567,2025-06-28 21:45:04,2025-07-03 21:44:39,63574235309,1790306195001816,1794545873391900,4239678390084,7084099836750283,0.003,0.2,21252299510251,4263174749112,0,0,0,0
568,2025-07-03 21:45:09,2025-07-08 21:44:35,42082504265,1794545873391900,1798748405131101,4202531739201,7072264095076784,0.003,0.2,21216792285230,4251774957899,0,0,0,0
569,2025-07-08 21:45:05,2025-07-13 21:44:18,63716182250,1798748405131101,1802968321266151,4219916135050,7060557087817263,0.003,0.2,21181671263452,4249077489140,3141592,0,0,0
570,2025-07-13 21:45:10,2025-07-18 21:44:07,68454908159,1802968321266151,1807198754088108,4230432821957,7048808450033904,0.003,0.2,21146425350102,4242976051652,0,0,0,0
571,2025-07-18 21:45:23,2025-07-23 21:44:42,63477229627,1807198754088108,1809902011480628,2703257392520,7036998224247014,0.003,0.2,21110994672741,4234894380474,0,0,0,1500000000000
572,2025-07-23 21:45:06,2025-07-28 21:44:40,53229217424,1809902011480628,1814040155030734,4138143550106,7025299385648516,0.003,0.2,21075898156946,4225825474874,0,0,0,0
573,2025-07-28 21:45:06,2025-08-02 21:44:40,61937643084,1814040155030734,1818223498763715,4183343732981,7013758119416311,0.003,0.2,21041274358249,4220642400267,0,0,0,0
574,2025-08-02 21:46:03,2025-08-07 21:44:35,62802372716,1818223498763715,1822441339817833,4217841054118,7002095664211091,0.003,0.2,21006286992633,4213817873070,0,0,0,0
575,2025-08-07 21:44:51,2025-08-12 21:44:37,66532247801,1822441339817833,1658127995342197,-164313344475636,6990408282261570,0.003,0.2,20971224846785,4207551418917,0,0,0,168438176000000
576,2025-08-12 21:45:04,2025-08-17 21:44:35,75915892399,1658127995342197,1584160945084072,-73967050258125,6978937917905659,0.003,0.2,20936813753717,4202545929223,3141592,0,0,78130051000000
577,2025-08-17 21:45:08,2025-08-22 21:44:05,55328601600,1584160945084072,1570300038420910,-13860906663162,6967366713405925,0.003,0.2,20902100140218,4191485748364,0,0,0,18000000000000
578,2025-08-22 21:45:01,2025-08-27 21:44:25,47010291572,1570300038420910,1568521696870591,-1778341550319,6955875027747416,0.003,0.2,20867625083242,4182927074963,0,0,0,5963280000000
579,2025-08-27 21:44:51,2025-09-01 21:44:48,46412472884,1568521696870591,1572662239592268,4140542721677,6944275078910457,0.003,0.2,20832825236731,4175847541923,0,0,0,0
580,2025-09-01 21:44:58,2025-09-06 21:43:03,58327682843,1572662239592268,1576779031967241,4116792374973,6932775766859839,0.003,0.2,20798327300580,4171330996685,0,0,0,0
581,2025-09-06 21:45:15,2025-09-11 21:44:47,57537854339,1576779031967241,1580938084556391,4159052589150,6921352511879335,0.003,0.2,20764057535638,4164319077995,0,0,0,0
582,2025-09-11 21:45:08,2025-09-16 21:44:34,57734386029,1580938084556391,1585153252330499,4215167774108,6909811396835559,0.003,0.2,20729434190507,4157433715307,0,0,0,0
583,2025-09-16 21:44:54,2025-09-21 21:44:29,48723360631,1585153252330499,1589258269071762,4105016741263,6898408690919458,0.003,0.2,20695226072758,4148789886678,6942069,0,0,0
584,2025-09-21 21:45:23,2025-09-26 21:44:39,51248384697,1589258269071762,1593319661824370,4061392752608,6887049749971417,0.003,0.2,20661149249914,4142479526922,17000000,0,0,0
585,2025-09-26 21:44:57,2025-10-01 21:43:39,44618509705,1593319661824370,1597361049317631,4041387493261,6875794228237686,0.003,0.2,20627382684713,4134400238884,19000000,0,0,0
586,2025-10-01 21:45:29,2025-10-06 21:44:49,45555492079,1597361049317631,1601435552954989,4074503637358,6864609755300307,0.003,0.2,20593829265901,4127876951596,0,0,0,0
587,2025-10-06 21:45:11,2025-10-11 21:44:23,54886069365,1601435552954989,1605524807540221,4089254585232,6853355358464402,0.003,0.2,20560066075393,4122990428952,0,0,0,0
588,2025-10-11 21:45:16,2025-10-16 21:44:44,49657867107,1605524807540221,1609611091065392,4086283525171,6842045700214541,0.003,0.2,20526137100644,4115158993550,15458141592,0,0,0
589,2025-10-16 21:45:04,2025-10-21 21:44:25,46453119234,1609611091065392,1613712038041234,4100946975842,6830769984642149,0.003,0.2,20492309953926,4107752614632,17000000,0,0,0
590,2025-10-21 21:45:28,2025-10-26 21:44:48,46605229614,1613712038041234,1617815369453905,4103331412671,6819500412179338,0.003,0.2,20458501236538,4101021293230,0,0,0,0
591,2025-10-26 21:45:30,2025-10-31 21:44:43,51397454507,1617815369453905,1621814226835782,3998857381877,6808177356585720,0.003,0.2,20424532069757,4095185904853,0,0,0,0
592,2025-10-31 21:45:16,2025-11-05 21:44:20,60932802982,1621814226835782,1625906547283052,4092320447270,6797156811614725,0.003,0.2,20391470434844,4090480647565,0,0,0,0
593,2025-11-05 21:44:51,2025-11-10 21:43:27,47653517462,1625906547283052,1629946261639508,4039714356456,6785833745559701,0.003,0.2,20357501236679,4081030950828,0,0,0,0
594,2025-11-10 21:44:57,2025-11-15 21:44:17,44455688444,1629946261639508,1633953924325727,4007662686219,6774679983151336,0.003,0.2,20324039949454,4073699127580,0,0,0,0
595,2025-11-15 21:44:54,2025-11-20 21:44:49,57827752720,1633953924325727,1638001269522620,4047345196893,6763629579954891,0.003,0.2,20290888739865,4069743298517,100000,0,0,0
596,2025-11-20 21:44:55,2025-11-25 21:44:19,48285543063,1638001269522620,1642011576610350,4010307087730,6752442686173343,0.003,0.2,20257328058520,4061122720317,0,0,0,0
597,2025-11-25 21:44:51,2025-11-30 21:44:40,41803003800,1642011576610350,1646055929530671,4044352920321,6741353528228937,0.003,0.2,20224060584687,4053172717697,0,0,0,0
598,2025-11-30 21:45:34,2025-12-05 21:44:28,47673835280,1646055929530671,1644709422087102,-1346507443569,6730183426842362,0.003,0.2,20190550280527,4047644823161,0,0,0,5000000000000
599,2025-12-05 21:44:52,2025-12-10 21:44:40,65522546433,1644709422087102,1648689008692576,3979586605474,6720091665402933,0.003,0.2,20160274996209,4045159508528,0,0,0,0
600,2025-12-10 21:45:01,2025-12-15 21:44:01,82838816735,1648689008692576,1652701177062556,4012168369980,6709188390345296,0.003,0.2,20127565171036,4042080797554,0,0,0,0
601,2025-12-15 21:44:58,2025-12-20 21:44:14,76494630069,1652701177062556,1656699207778460,3998030715904,6698238053792185,0.003,0.2,20094714161377,4034241758289,0,0,0,0
602,2025-12-20 21:44:51,2025-12-25 21:44:49,77071184121,1656699207778460,1660661823173382,3962615394922,6687334717040563,0.003,0.2,20062004151122,4027815067049,0,0,0,0
603,2025-12-25 21:45:03,2025-12-30 21:44:50,54032156910,1660661823173382,1664603073764194,3941250590812,6676530725861594,0.003,0.2,20029592177585,4016724866899,0,0,0,0
604,2025-12-30 21:44:57,2026-01-04 21:44:47,53769560843,1664603073764194,1668608510843424,4005437079230,6665779427112521,0.003,0.2,19997338281338,4010221568436,0,0,0,0
605,2026-01-04 21:44:52,2026-01-09 21:44:37,50030306787,1668608510843424,1672567635217344,3959124373920,6654841029684078,0.003,0.2,19964523089052,4002910679168,0,0,0,0
606,2026-01-09 21:45:21,2026-01-14 21:44:46,38343554507,1672567635217344,1606528228348564,-66039406868780,6643984742362112,0.003,0.2,19931954227086,3994059556319,0,0,0,70000000000000
607,2026-01-14 21:45:07,2026-01-19 21:44:25,39018273269,1606528228348564,1610475230004340,3947001655776,6633151875460114,0.003,0.2,19899455626380,3987694779930,0,0,0,0
608,2026-01-19 21:45:05,2026-01-24 21:44:06,40098421924,1610475230004340,1614459422162537,3984192158197,6622348091463240,0.003,0.2,19867044274390,3981428539263,0,0,0,0
609,2026-01-24 21:44:56,2026-01-29 21:44:37,40050797135,1614459422162537,1618388733585222,3929311422685,6611432787256889,0.003,0.2,19834298361771,3974869831781,0,0,0,0
610,2026-01-29 21:44:55,2026-02-03 21:44:47,64848742443,1618388733585222,1622244173305394,3855439720172,6600707555277212,0.003,0.2,19802122665832,3973394281655,0,0,0,0
611,2026-02-03 21:45:28,2026-02-08 21:44:45,64349910572,1622244173305394,1626107444545662,3863271240268,6590161148227806,0.003,0.2,19770483444683,3966966671051,0,0,0,0
612,2026-02-08 21:44:55,2026-02-08 21:59:51,141953798,1626107444545662,1629946048932851,3838604387189,6579581543161096,0.003,0.2,19738744629483,3947777316656,920431415926,0,0,0
613,2026-02-13 21:44:52,2026-02-14 17:08:39,7285079320,1629946048932851,1634730620078057,4784571145206,6569080555680022,0.003,0.2,19707241667040,3942905349272,0,0,0,0
