epoch_no,start_time,fees_epoch_lovelace,fees_epoch_ada,cumulative_fees_lovelace,cumulative_fees_ada
0,2017-09-23 21:44:51,3458053,3.4580530000000000,3458053,3.4580530000000000
1,2017-09-28 21:44:51,1033002678,1033.0026780000000000,1036460731,1036.4607310000000000
2,2017-10-03 21:44:51,503075439,503.0754390000000000,1539536170,1539.5361700000000000
3,2017-10-08 21:44:51,426081777,426.0817770000000000,1965617947,1965.6179470000000000
4,2017-10-13 21:44:51,534384914,534.3849140000000000,2500002861,2500.0028610000000000
5,2017-10-18 21:44:51,394113514,394.1135140000000000,2894116375,2894.1163750000000000
6,2017-10-23 21:44:51,376856464,376.8564640000000000,3270972839,3270.9728390000000000
7,2017-10-28 21:44:51,426958601,426.9586010000000000,3697931440,3697.9314400000000000
8,2017-11-02 21:44:51,318476948,318.4769480000000000,4016408388,4016.4083880000000000
9,2017-11-07 21:44:51,356218433,356.2184330000000000,4372626821,4372.6268210000000000
10,2017-11-12 21:44:51,336871339,336.8713390000000000,4709498160,4709.4981600000000000
11,2017-11-17 21:44:51,425042257,425.0422570000000000,5134540417,5134.5404170000000000
12,2017-11-22 21:44:51,563251590,563.2515900000000000,5697792007,5697.7920070000000000
13,2017-11-27 21:44:51,2019279136,2019.2791360000000000,7717071143,7717.0711430000000000
14,2017-12-02 21:44:51,2404351008,2404.3510080000000000,10121422151,10121.422151000000
15,2017-12-07 21:44:51,2316080241,2316.0802410000000000,12437502392,12437.502392000000
16,2017-12-12 21:44:51,4798725744,4798.7257440000000000,17236228136,17236.228136000000
17,2017-12-17 21:44:51,7007563656,7007.5636560000000000,24243791792,24243.791792000000
18,2017-12-22 21:44:51,4187895410,4187.8954100000000000,28431687202,28431.687202000000
19,2017-12-27 21:44:51,3786897619,3786.8976190000000000,32218584821,32218.584821000000
20,2018-01-01 21:44:51,2615359653,2615.3596530000000000,34833944474,34833.944474000000
21,2018-01-06 21:44:51,3708172798,3708.1727980000000000,38542117272,38542.117272000000
22,2018-01-11 21:44:51,4523696405,4523.6964050000000000,43065813677,43065.813677000000
23,2018-01-16 21:44:51,3836191709,3836.1917090000000000,46902005386,46902.005386000000
24,2018-01-21 21:44:51,2487052118,2487.0521180000000000,49389057504,49389.057504000000
25,2018-01-26 21:44:51,2367565195,2367.5651950000000000,51756622699,51756.622699000000
26,2018-01-31 21:44:51,2345776166,2345.7761660000000000,54102398865,54102.398865000000
27,2018-02-05 21:44:51,2569129311,2569.1293110000000000,56671528176,56671.528176000000
28,2018-02-10 21:44:51,2154338991,2154.3389910000000000,58825867167,58825.867167000000
29,2018-02-15 21:44:51,2051266576,2051.2665760000000000,60877133743,60877.133743000000
30,2018-02-20 21:44:51,1715506921,1715.5069210000000000,62592640664,62592.640664000000
31,2018-02-25 21:44:51,2793062685,2793.0626850000000000,65385703349,65385.703349000000
32,2018-03-02 21:44:51,2345621089,2345.6210890000000000,67731324438,67731.324438000000
33,2018-03-07 21:44:51,2354883552,2354.8835520000000000,70086207990,70086.207990000000
34,2018-03-12 21:44:51,2070489051,2070.4890510000000000,72156697041,72156.697041000000
35,2018-03-17 21:44:51,2485350592,2485.3505920000000000,74642047633,74642.047633000000
36,2018-03-22 21:44:51,1992838691,1992.8386910000000000,76634886324,76634.886324000000
37,2018-03-27 21:44:51,1599795723,1599.7957230000000000,78234682047,78234.682047000000
38,2018-04-01 21:44:51,2132043977,2132.0439770000000000,80366726024,80366.726024000000
39,2018-04-06 21:44:51,1730349126,1730.3491260000000000,82097075150,82097.075150000000
40,2018-04-11 21:44:51,2382798666,2382.7986660000000000,84479873816,84479.873816000000
41,2018-04-16 21:44:51,2732052331,2732.0523310000000000,87211926147,87211.926147000000
42,2018-04-21 21:44:51,2340350054,2340.3500540000000000,89552276201,89552.276201000000
43,2018-04-26 21:44:51,2774581052,2774.5810520000000000,92326857253,92326.857253000000
44,2018-05-01 21:44:51,2039746956,2039.7469560000000000,94366604209,94366.604209000000
45,2018-05-06 21:44:51,2001594482,2001.5944820000000000,96368198691,96368.198691000000
46,2018-05-11 21:44:51,1640955574,1640.9555740000000000,98009154265,98009.154265000000
47,2018-05-16 21:44:51,1435650706,1435.6507060000000000,99444804971,99444.804971000000
48,2018-05-21 21:44:51,1686781627,1686.7816270000000000,101131586598,101131.586598000000
49,2018-05-26 21:44:51,1862774748,1862.7747480000000000,102994361346,102994.361346000000
50,2018-05-31 21:44:51,1560412182,1560.4121820000000000,104554773528,104554.773528000000
51,2018-06-05 21:44:51,1097622501,1097.6225010000000000,105652396029,105652.396029000000
52,2018-06-10 21:44:51,1614602208,1614.6022080000000000,107266998237,107266.998237000000
53,2018-06-15 21:44:51,1071343473,1071.3434730000000000,108338341710,108338.341710000000
54,2018-06-20 21:44:51,1231973491,1231.9734910000000000,109570315201,109570.315201000000
55,2018-06-25 21:44:51,1219416500,1219.4165000000000000,110789731701,110789.731701000000
56,2018-06-30 21:44:51,1376493215,1376.4932150000000000,112166224916,112166.224916000000
57,2018-07-05 21:44:51,992146314,992.1463140000000000,113158371230,113158.371230000000
58,2018-07-10 21:44:51,1053171469,1053.1714690000000000,114211542699,114211.542699000000
59,2018-07-15 21:44:51,1589754497,1589.7544970000000000,115801297196,115801.297196000000
60,2018-07-20 21:44:51,1624169913,1624.1699130000000000,117425467109,117425.467109000000
61,2018-07-25 21:44:51,1013460644,1013.4606440000000000,118438927753,118438.927753000000
62,2018-07-30 21:44:51,1030752179,1030.7521790000000000,119469679932,119469.679932000000
63,2018-08-04 21:44:51,803026127,803.0261270000000000,120272706059,120272.706059000000
64,2018-08-09 21:44:51,1226561200,1226.5612000000000000,121499267259,121499.267259000000
65,2018-08-14 21:44:51,1225243549,1225.2435490000000000,122724510808,122724.510808000000
66,2018-08-19 21:44:51,1095797120,1095.7971200000000000,123820307928,123820.307928000000
67,2018-08-24 21:44:51,1396270550,1396.2705500000000000,125216578478,125216.578478000000
68,2018-08-29 21:44:51,1139070493,1139.0704930000000000,126355648971,126355.648971000000
69,2018-09-03 21:44:51,1257039509,1257.0395090000000000,127612688480,127612.688480000000
70,2018-09-08 21:44:51,1362522295,1362.5222950000000000,128975210775,128975.210775000000
71,2018-09-13 21:44:51,1122629210,1122.6292100000000000,130097839985,130097.839985000000
72,2018-09-18 21:44:51,1459549954,1459.5499540000000000,131557389939,131557.389939000000
73,2018-09-23 21:44:51,1416312395,1416.3123950000000000,132973702334,132973.702334000000
74,2018-09-28 21:44:51,1255611630,1255.6116300000000000,134229313964,134229.313964000000
75,2018-10-03 21:44:51,1068203894,1068.2038940000000000,135297517858,135297.517858000000
76,2018-10-08 21:44:51,1024898038,1024.8980380000000000,136322415896,136322.415896000000
77,2018-10-13 21:44:51,1273877897,1273.8778970000000000,137596293793,137596.293793000000
78,2018-10-18 21:44:51,1036953636,1036.9536360000000000,138633247429,138633.247429000000
79,2018-10-23 21:44:51,1053825707,1053.8257070000000000,139687073136,139687.073136000000
80,2018-10-28 21:44:51,1101940736,1101.9407360000000000,140789013872,140789.013872000000
81,2018-11-02 21:44:51,1249718806,1249.7188060000000000,142038732678,142038.732678000000
82,2018-11-07 21:44:51,1086257992,1086.2579920000000000,143124990670,143124.990670000000
83,2018-11-12 21:44:51,1232294405,1232.2944050000000000,144357285075,144357.285075000000
84,2018-11-17 21:44:51,576491360,576.4913600000000000,144933776435,144933.776435000000
85,2018-11-22 21:44:51,989428267,989.4282670000000000,145923204702,145923.204702000000
86,2018-11-27 21:44:51,1208108005,1208.1080050000000000,147131312707,147131.312707000000
87,2018-12-02 21:44:51,1857668838,1857.6688380000000000,148988981545,148988.981545000000
88,2018-12-07 21:44:51,1039082860,1039.0828600000000000,150028064405,150028.064405000000
89,2018-12-12 21:44:51,1283338169,1283.3381690000000000,151311402574,151311.402574000000
90,2018-12-17 21:44:51,1704438739,1704.4387390000000000,153015841313,153015.841313000000
91,2018-12-22 21:44:51,1546873504,1546.8735040000000000,154562714817,154562.714817000000
92,2018-12-27 21:44:51,1273424654,1273.4246540000000000,155836139471,155836.139471000000
93,2019-01-01 21:44:51,1429284447,1429.2844470000000000,157265423918,157265.423918000000
94,2019-01-06 21:44:51,1757079307,1757.0793070000000000,159022503225,159022.503225000000
95,2019-01-11 21:44:51,1574816800,1574.8168000000000000,160597320025,160597.320025000000
96,2019-01-16 21:44:51,1472075967,1472.0759670000000000,162069395992,162069.395992000000
97,2019-01-21 21:44:51,1191801438,1191.8014380000000000,163261197430,163261.197430000000
98,2019-01-26 21:44:51,1484117910,1484.1179100000000000,164745315340,164745.315340000000
99,2019-01-31 21:44:51,1092692917,1092.6929170000000000,165838008257,165838.008257000000
100,2019-02-05 21:44:51,1219405092,1219.4050920000000000,167057413349,167057.413349000000
101,2019-02-10 21:44:51,1234891071,1234.8910710000000000,168292304420,168292.304420000000
102,2019-02-15 21:44:51,1469409862,1469.4098620000000000,169761714282,169761.714282000000
103,2019-02-20 21:44:51,1343947986,1343.9479860000000000,171105662268,171105.662268000000
104,2019-02-25 21:44:51,1350682619,1350.6826190000000000,172456344887,172456.344887000000
105,2019-03-02 21:44:51,1427594658,1427.5946580000000000,173883939545,173883.939545000000
106,2019-03-07 21:44:51,2038137135,2038.1371350000000000,175922076680,175922.076680000000
107,2019-03-12 21:44:51,2051173522,2051.1735220000000000,177973250202,177973.250202000000
108,2019-03-17 21:44:51,2404568610,2404.5686100000000000,180377818812,180377.818812000000
109,2019-03-22 21:44:51,3035492317,3035.4923170000000000,183413311129,183413.311129000000
110,2019-03-27 21:44:51,3552148208,3552.1482080000000000,186965459337,186965.459337000000
111,2019-04-01 21:44:51,4134303005,4134.3030050000000000,191099762342,191099.762342000000
112,2019-04-06 21:44:51,2728498131,2728.4981310000000000,193828260473,193828.260473000000
113,2019-04-11 21:44:51,2176364591,2176.3645910000000000,196004625064,196004.625064000000
114,2019-04-16 21:44:51,2464271497,2464.2714970000000000,198468896561,198468.896561000000
115,2019-04-21 21:44:51,2690631892,2690.6318920000000000,201159528453,201159.528453000000
116,2019-04-26 21:44:51,1924204057,1924.2040570000000000,203083732510,203083.732510000000
117,2019-05-01 21:44:51,2372870247,2372.8702470000000000,205456602757,205456.602757000000
118,2019-05-06 21:44:51,2524978223,2524.9782230000000000,207981580980,207981.580980000000
119,2019-05-11 21:44:51,3857704990,3857.7049900000000000,211839285970,211839.285970000000
120,2019-05-16 21:44:51,3363288411,3363.2884110000000000,215202574381,215202.574381000000
121,2019-05-21 21:44:51,3231919658,3231.9196580000000000,218434494039,218434.494039000000
122,2019-05-26 21:44:51,3804470869,3804.4708690000000000,222238964908,222238.964908000000
123,2019-05-31 21:44:51,3499911417,3499.9114170000000000,225738876325,225738.876325000000
124,2019-06-05 21:44:51,2929742585,2929.7425850000000000,228668618910,228668.618910000000
125,2019-06-10 21:44:51,3086761426,3086.7614260000000000,231755380336,231755.380336000000
126,2019-06-15 21:44:51,2901038828,2901.0388280000000000,234656419164,234656.419164000000
127,2019-06-20 21:44:51,3358415211,3358.4152110000000000,238014834375,238014.834375000000
128,2019-06-25 21:44:51,3428606435,3428.6064350000000000,241443440810,241443.440810000000
129,2019-06-30 21:44:51,2874181504,2874.1815040000000000,244317622314,244317.622314000000
130,2019-07-05 21:44:51,2964060631,2964.0606310000000000,247281682945,247281.682945000000
131,2019-07-10 21:44:51,2734022347,2734.0223470000000000,250015705292,250015.705292000000
132,2019-07-15 21:44:51,2539011346,2539.0113460000000000,252554716638,252554.716638000000
133,2019-07-20 21:44:51,1995520934,1995.5209340000000000,254550237572,254550.237572000000
134,2019-07-25 21:44:51,1671625688,1671.6256880000000000,256221863260,256221.863260000000
135,2019-07-30 21:44:51,1995869928,1995.8699280000000000,258217733188,258217.733188000000
136,2019-08-04 21:44:51,2256961435,2256.9614350000000000,260474694623,260474.694623000000
137,2019-08-09 21:44:51,1703631861,1703.6318610000000000,262178326484,262178.326484000000
138,2019-08-14 21:44:51,1773448065,1773.4480650000000000,263951774549,263951.774549000000
139,2019-08-19 21:44:51,1649443606,1649.4436060000000000,265601218155,265601.218155000000
140,2019-08-24 21:44:51,1800478560,1800.4785600000000000,267401696715,267401.696715000000
141,2019-08-29 21:44:51,1649609388,1649.6093880000000000,269051306103,269051.306103000000
142,2019-09-03 21:44:51,1656110928,1656.1109280000000000,270707417031,270707.417031000000
143,2019-09-08 21:44:51,1529157114,1529.1571140000000000,272236574145,272236.574145000000
144,2019-09-13 21:44:51,1703006417,1703.0064170000000000,273939580562,273939.580562000000
145,2019-09-18 21:44:51,1442660636,1442.6606360000000000,275382241198,275382.241198000000
146,2019-09-23 21:44:51,1820347324,1820.3473240000000000,277202588522,277202.588522000000
147,2019-09-28 21:44:51,1392481746,1392.4817460000000000,278595070268,278595.070268000000
148,2019-10-03 21:44:51,1715216106,1715.2161060000000000,280310286374,280310.286374000000
149,2019-10-08 21:44:51,1240080758,1240.0807580000000000,281550367132,281550.367132000000
150,2019-10-13 21:44:51,1360792917,1360.7929170000000000,282911160049,282911.160049000000
151,2019-10-18 21:44:51,1421658239,1421.6582390000000000,284332818288,284332.818288000000
152,2019-10-23 21:44:51,2095302665,2095.3026650000000000,286428120953,286428.120953000000
153,2019-10-28 21:44:51,1736117854,1736.1178540000000000,288164238807,288164.238807000000
154,2019-11-02 21:44:51,1861113210,1861.1132100000000000,290025352017,290025.352017000000
155,2019-11-07 21:44:51,2580066982,2580.0669820000000000,292605418999,292605.418999000000
156,2019-11-12 21:44:51,1710346269,1710.3462690000000000,294315765268,294315.765268000000
157,2019-11-17 21:44:51,1822836013,1822.8360130000000000,296138601281,296138.601281000000
158,2019-11-22 21:44:51,1960470457,1960.4704570000000000,298099071738,298099.071738000000
159,2019-11-27 21:44:51,2597206280,2597.2062800000000000,300696278018,300696.278018000000
160,2019-12-02 21:44:51,1139646775,1139.6467750000000000,301835924793,301835.924793000000
161,2019-12-07 21:44:51,1185143982,1185.1439820000000000,303021068775,303021.068775000000
162,2019-12-12 21:44:51,1456964312,1456.9643120000000000,304478033087,304478.033087000000
163,2019-12-17 21:44:51,1454655575,1454.6555750000000000,305932688662,305932.688662000000
164,2019-12-22 21:44:51,1278618969,1278.6189690000000000,307211307631,307211.307631000000
165,2019-12-27 21:44:51,1236216259,1236.2162590000000000,308447523890,308447.523890000000
166,2020-01-01 21:44:51,1263691615,1263.6916150000000000,309711215505,309711.215505000000
167,2020-01-06 21:44:51,1518035379,1518.0353790000000000,311229250884,311229.250884000000
168,2020-01-11 21:44:51,1714484244,1714.4842440000000000,312943735128,312943.735128000000
169,2020-01-16 21:44:51,1901803736,1901.8037360000000000,314845538864,314845.538864000000
170,2020-01-21 21:44:51,1479203577,1479.2035770000000000,316324742441,316324.742441000000
171,2020-01-26 21:44:51,6842436272,6842.4362720000000000,323167178713,323167.178713000000
172,2020-01-31 21:44:51,2752686250,2752.6862500000000000,325919864963,325919.864963000000
173,2020-02-05 21:44:51,2966570176,2966.5701760000000000,328886435139,328886.435139000000
174,2020-02-10 21:44:51,3555197049,3555.1970490000000000,332441632188,332441.632188000000
175,2020-02-15 21:44:51,3126918667,3126.9186670000000000,335568550855,335568.550855000000
176,2020-02-20 21:44:51,2456842065,2456.8420650000000000,338025392920,338025.392920000000
177,2020-02-25 21:44:51,2922577027,2922.5770270000000000,340947969947,340947.969947000000
178,2020-03-01 21:44:51,2595486425,2595.4864250000000000,343543456372,343543.456372000000
179,2020-03-06 21:44:51,2754237879,2754.2378790000000000,346297694251,346297.694251000000
180,2020-03-11 21:44:51,4279166907,4279.1669070000000000,350576861158,350576.861158000000
181,2020-03-16 21:44:51,3207625486,3207.6254860000000000,353784486644,353784.486644000000
182,2020-03-21 21:44:51,2825468616,2825.4686160000000000,356609955260,356609.955260000000
183,2020-03-26 21:44:51,2872175700,2872.1757000000000000,359482130960,359482.130960000000
184,2020-03-31 21:44:51,2642316241,2642.3162410000000000,362124447201,362124.447201000000
185,2020-04-05 21:44:51,2915517825,2915.5178250000000000,365039965026,365039.965026000000
186,2020-04-10 21:44:51,2626858580,2626.8585800000000000,367666823606,367666.823606000000
187,2020-04-15 21:44:51,3298397978,3298.3979780000000000,370965221584,370965.221584000000
188,2020-04-20 21:44:51,4233457670,4233.4576700000000000,375198679254,375198.679254000000
189,2020-04-25 21:44:51,5268428284,5268.4282840000000000,380467107538,380467.107538000000
190,2020-04-30 21:44:51,4319180415,4319.1804150000000000,384786287953,384786.287953000000
191,2020-05-05 21:44:51,5057763378,5057.7633780000000000,389844051331,389844.051331000000
192,2020-05-10 21:44:51,4974463284,4974.4632840000000000,394818514615,394818.514615000000
193,2020-05-15 21:44:51,5229589091,5229.5890910000000000,400048103706,400048.103706000000
194,2020-05-20 21:44:51,5385130954,5385.1309540000000000,405433234660,405433.234660000000
195,2020-05-25 21:44:51,6732064087,6732.0640870000000000,412165298747,412165.298747000000
196,2020-05-30 21:44:51,9463587217,9463.5872170000000000,421628885964,421628.885964000000
197,2020-06-04 21:44:51,9487793013,9487.7930130000000000,431116678977,431116.678977000000
198,2020-06-09 21:44:51,6701550912,6701.5509120000000000,437818229889,437818.229889000000
199,2020-06-14 21:44:51,6604336118,6604.3361180000000000,444422566007,444422.566007000000
200,2020-06-19 21:44:51,6282045146,6282.0451460000000000,450704611153,450704.611153000000
201,2020-06-24 21:44:51,6496336435,6496.3364350000000000,457200947588,457200.947588000000
202,2020-06-29 21:44:51,8244061985,8244.0619850000000000,465445009573,465445.009573000000
203,2020-07-04 21:44:51,10964300497,10964.300497000000,476409310070,476409.310070000000
204,2020-07-09 21:44:51,7890836804,7890.8368040000000000,484300146874,484300.146874000000
205,2020-07-14 21:44:51,7843256241,7843.2562410000000000,492143403115,492143.403115000000
206,2020-07-19 21:44:51,7377174619,7377.1746190000000000,499520577734,499520.577734000000
207,2020-07-24 21:44:51,8077348910,8077.3489100000000000,507597926644,507597.926644000000
208,2020-07-29 21:44:51,10670212208,10670.212208000000,518268138852,518268.138852000000
209,2020-08-03 21:44:51,7666346424,7666.3464240000000000,525934485276,525934.485276000000
210,2020-08-08 21:44:51,7770532273,7770.5322730000000000,533705017549,533705.017549000000
211,2020-08-13 21:44:51,6517886228,6517.8862280000000000,540222903777,540222.903777000000
212,2020-08-18 21:44:51,5578218279,5578.2182790000000000,545801122056,545801.122056000000
213,2020-08-23 21:44:51,7100593256,7100.5932560000000000,552901715312,552901.715312000000
214,2020-08-28 21:44:51,7501833746,7501.8337460000000000,560403549058,560403.549058000000
215,2020-09-02 21:44:51,8110049274,8110.0492740000000000,568513598332,568513.598332000000
216,2020-09-07 21:44:58,5935808427,5935.8084270000000000,574449406759,574449.406759000000
217,2020-09-12 21:44:51,5075696054,5075.6960540000000000,579525102813,579525.102813000000
218,2020-09-17 21:44:51,4547068473,4547.0684730000000000,584072171286,584072.171286000000
219,2020-09-22 21:44:51,4970020516,4970.0205160000000000,589042191802,589042.191802000000
220,2020-09-27 21:44:51,5135934788,5135.9347880000000000,594178126590,594178.126590000000
221,2020-10-02 21:44:51,3913521858,3913.5218580000000000,598091648448,598091.648448000000
222,2020-10-07 21:44:51,4499540105,4499.5401050000000000,602591188553,602591.188553000000
223,2020-10-12 21:44:51,4423831286,4423.8312860000000000,607015019839,607015.019839000000
224,2020-10-17 21:44:51,4124509016,4124.5090160000000000,611139528855,611139.528855000000
225,2020-10-22 21:44:51,4203312194,4203.3121940000000000,615342841049,615342.841049000000
226,2020-10-27 21:44:51,4393720890,4393.7208900000000000,619736561939,619736.561939000000
227,2020-11-01 21:44:51,4962718967,4962.7189670000000000,624699280906,624699.280906000000
228,2020-11-06 21:44:51,6777734939,6777.7349390000000000,631477015845,631477.015845000000
229,2020-11-11 21:44:51,5316818724,5316.8187240000000000,636793834569,636793.834569000000
230,2020-11-16 21:44:51,7168655203,7168.6552030000000000,643962489772,643962.489772000000
231,2020-11-21 21:44:57,11110141677,11110.141677000000,655072631449,655072.631449000000
232,2020-11-26 21:44:51,10681640345,10681.640345000000,665754271794,665754.271794000000
233,2020-12-01 21:44:51,8173077946,8173.0779460000000000,673927349740,673927.349740000000
234,2020-12-06 21:44:51,8006069382,8006.0693820000000000,681933419122,681933.419122000000
235,2020-12-11 21:45:01,8115520823,8115.5208230000000000,690048939945,690048.939945000000
236,2020-12-16 21:44:51,7838075567,7838.0755670000000000,697887015512,697887.015512000000
237,2020-12-21 21:44:51,8966791630,8966.7916300000000000,706853807142,706853.807142000000
238,2020-12-26 21:44:55,11693879197,11693.879197000000,718547686339,718547.686339000000
239,2020-12-31 21:44:51,14161113125,14161.113125000000,732708799464,732708.799464000000
240,2021-01-05 21:44:51,20069060896,20069.060896000000,752777860360,752777.860360000000
241,2021-01-10 21:45:01,14690681083,14690.681083000000,767468541443,767468.541443000000
242,2021-01-15 21:44:51,16905060417,16905.060417000000,784373601860,784373.601860000000
243,2021-01-20 21:44:51,13368193376,13368.193376000000,797741795236,797741.795236000000
244,2021-01-25 21:44:51,13516792921,13516.792921000000,811258588157,811258.588157000000
245,2021-01-30 21:44:51,20044918510,20044.918510000000,831303506667,831303.506667000000
246,2021-02-04 21:44:51,31528825577,31528.825577000000,862832332244,862832.332244000000
247,2021-02-09 21:44:51,38567858687,38567.858687000000,901400190931,901400.190931000000
248,2021-02-14 21:45:10,32686545278,32686.545278000000,934086736209,934086.736209000000
249,2021-02-19 21:44:51,40504763143,40504.763143000000,974591499352,974591.499352000000
250,2021-02-24 21:44:51,41831556274,41831.556274000000,1016423055626,1016423.055626000000
251,2021-03-01 21:44:51,34501532516,34501.532516000000,1050924588142,1050924.588142000000
252,2021-03-06 21:44:51,30758641553,30758.641553000000,1081683229695,1081683.229695000000
253,2021-03-11 21:44:51,32480018212,32480.018212000000,1114163247907,1114163.247907000000
254,2021-03-16 21:44:51,43609040032,43609.040032000000,1157772287939,1157772.287939000000
255,2021-03-21 21:44:51,36360919507,36360.919507000000,1194133207446,1194133.207446000000
256,2021-03-26 21:44:51,30633912084,30633.912084000000,1224767119530,1224767.119530000000
257,2021-03-31 21:48:20,39170561174,39170.561174000000,1263937680704,1263937.680704000000
258,2021-04-05 21:45:46,37979106429,37979.106429000000,1301916787133,1301916.787133000000
259,2021-04-10 21:47:06,43782816741,43782.816741000000,1345699603874,1345699.603874000000
260,2021-04-15 22:08:57,46907924914,46907.924914000000,1392607528788,1392607.528788000000
261,2021-04-20 21:45:05,41390363617,41390.363617000000,1433997892405,1433997.892405000000
262,2021-04-25 21:47:01,37980832313,37980.832313000000,1471978724718,1471978.724718000000
263,2021-04-30 21:45:27,48870395213,48870.395213000000,1520849119931,1520849.119931000000
264,2021-05-05 21:47:27,57777594620,57777.594620000000,1578626714551,1578626.714551000000
265,2021-05-10 21:45:31,65968954839,65968.954839000000,1644595669390,1644595.669390000000
266,2021-05-15 21:49:56,68417656270,68417.656270000000,1713013325660,1713013.325660000000
267,2021-05-20 21:44:51,52698878516,52698.878516000000,1765712204176,1765712.204176000000
268,2021-05-25 21:45:09,44159912128,44159.912128000000,1809872116304,1809872.116304000000
269,2021-05-30 21:45:17,41817190370,41817.190370000000,1851689306674,1851689.306674000000
270,2021-06-04 21:46:23,36489177917,36489.177917000000,1888178484591,1888178.484591000000
271,2021-06-09 21:44:58,30802442909,30802.442909000000,1918980927500,1918980.927500000000
272,2021-06-14 21:45:23,29593210504,29593.210504000000,1948574138004,1948574.138004000000
273,2021-06-19 21:45:24,32570360903,32570.360903000000,1981144498907,1981144.498907000000
274,2021-06-24 21:45:55,28650900551,28650.900551000000,2009795399458,2009795.399458000000
275,2021-06-29 21:47:35,29088470734,29088.470734000000,2038883870192,2038883.870192000000
276,2021-07-04 21:45:46,30139500685,30139.500685000000,2069023370877,2069023.370877000000
277,2021-07-09 21:46:07,28508156761,28508.156761000000,2097531527638,2097531.527638000000
278,2021-07-14 21:45:00,28124230492,28124.230492000000,2125655758130,2125655.758130000000
279,2021-07-19 21:46:59,27651228864,27651.228864000000,2153306986994,2153306.986994000000
280,2021-07-24 21:45:36,31570674668,31570.674668000000,2184877661662,2184877.661662000000
281,2021-07-29 21:46:38,30198103953,30198.103953000000,2215075765615,2215075.765615000000
282,2021-08-03 21:44:51,33861288926,33861.288926000000,2248937054541,2248937.054541000000
283,2021-08-08 21:46:08,48375612297,48375.612297000000,2297312666838,2297312.666838000000
284,2021-08-13 21:46:01,53114389397,53114.389397000000,2350427056235,2350427.056235000000
285,2021-08-18 21:45:28,69484110281,69484.110281000000,2419911166516,2419911.166516000000
286,2021-08-23 21:46:15,80116415019,80116.415019000000,2500027581535,2500027.581535000000
287,2021-08-28 21:47:10,86536781869,86536.781869000000,2586564363404,2586564.363404000000
288,2021-09-02 21:45:01,99992854778,99992.854778000000,2686557218182,2686557.218182000000
289,2021-09-07 21:45:31,105082493097,105082.493097000000,2791639711279,2791639.711279000000
290,2021-09-12 21:47:46,88193252097,88193.252097000000,2879832963376,2879832.963376000000
291,2021-09-17 21:46:33,88508486990,88508.486990000000,2968341450366,2968341.450366000000
292,2021-09-22 21:46:03,94575307119,94575.307119000000,3062916757485,3062916.757485000000
293,2021-09-27 21:46:53,92010214941,92010.214941000000,3154926972426,3154926.972426000000
294,2021-10-02 21:50:11,85521391572,85521.391572000000,3240448363998,3240448.363998000000
295,2021-10-07 21:44:59,78295367024,78295.367024000000,3318743731022,3318743.731022000000
296,2021-10-12 21:44:59,76580372441,76580.372441000000,3395324103463,3395324.103463000000
297,2021-10-17 21:47:15,78382709752,78382.709752000000,3473706813215,3473706.813215000000
298,2021-10-22 21:47:43,98589384465,98589.384465000000,3572296197680,3572296.197680000000
299,2021-10-27 21:46:25,124341767708,124341.767708000000,3696637965388,3696637.965388000000
300,2021-11-01 21:49:05,88206195240,88206.195240000000,3784844160628,3784844.160628000000
301,2021-11-06 21:46:27,97036953903,97036.953903000000,3881881114531,3881881.114531000000
302,2021-11-11 21:46:52,202279497524,202279.497524000000,4084160612055,4084160.612055000000
303,2021-11-16 21:45:05,103395856418,103395.856418000000,4187556468473,4187556.468473000000
304,2021-11-21 21:44:55,308293830822,308293.830822000000,4495850299295,4495850.299295000000
305,2021-11-26 21:45:18,156264770889,156264.770889000000,4652115070184,4652115.070184000000
306,2021-12-01 21:46:31,114439696442,114439.696442000000,4766554766626,4766554.766626000000
307,2021-12-06 21:45:26,127647415455,127647.415455000000,4894202182081,4894202.182081000000
308,2021-12-11 21:45:50,103811542089,103811.542089000000,4998013724170,4998013.724170000000
309,2021-12-16 21:45:46,134784675796,134784.675796000000,5132798399966,5132798.399966000000
310,2021-12-21 21:46:06,116225490530,116225.490530000000,5249023890496,5249023.890496000000
311,2021-12-26 21:45:00,107642266965,107642.266965000000,5356666157461,5356666.157461000000
312,2021-12-31 21:44:58,135522429378,135522.429378000000,5492188586839,5492188.586839000000
313,2022-01-05 21:45:31,182577641027,182577.641027000000,5674766227866,5674766.227866000000
314,2022-01-10 21:46:48,192127658577,192127.658577000000,5866893886443,5866893.886443000000
315,2022-01-15 21:46:27,269870823296,269870.823296000000,6136764709739,6136764.709739000000
316,2022-01-20 21:44:59,252763162151,252763.162151000000,6389527871890,6389527.871890000000
317,2022-01-25 21:45:22,252123552102,252123.552102000000,6641651423992,6641651.423992000000
318,2022-01-30 21:45:49,233870176809,233870.176809000000,6875521600801,6875521.600801000000
319,2022-02-04 21:45:26,242157748335,242157.748335000000,7117679349136,7117679.349136000000
320,2022-02-09 21:45:46,233553475002,233553.475002000000,7351232824138,7351232.824138000000
321,2022-02-14 21:45:00,243949058349,243949.058349000000,7595181882487,7595181.882487000000
322,2022-02-19 21:45:01,241654937960,241654.937960000000,7836836820447,7836836.820447000000
323,2022-02-24 21:48:43,226099862852,226099.862852000000,8062936683299,8062936.683299000000
324,2022-03-01 21:45:52,218116421930,218116.421930000000,8281053105229,8281053.105229000000
325,2022-03-06 21:45:28,197003983114,197003.983114000000,8478057088343,8478057.088343000000
326,2022-03-11 21:48:10,226748921164,226748.921164000000,8704806009507,8704806.009507000000
327,2022-03-16 21:45:06,229617380821,229617.380821000000,8934423390328,8934423.390328000000
328,2022-03-21 21:45:16,227208702587,227208.702587000000,9161632092915,9161632.092915000000
329,2022-03-26 21:44:51,232457560903,232457.560903000000,9394089653818,9394089.653818000000
330,2022-03-31 21:46:34,215991479619,215991.479619000000,9610081133437,9610081.133437000000
331,2022-04-05 21:45:02,176480861305,176480.861305000000,9786561994742,9786561.994742000000
332,2022-04-10 21:46:19,211816288426,211816.288426000000,9998378283168,9998378.283168000000
333,2022-04-15 21:47:28,209376078021,209376.078021000000,10207754361189,10207754.361189000000
334,2022-04-20 21:45:15,192921162356,192921.162356000000,10400675523545,10400675.523545000000
335,2022-04-25 21:45:07,205828054439,205828.054439000000,10606503577984,10606503.577984000000
336,2022-04-30 21:45:16,192024791502,192024.791502000000,10798528369486,10798528.369486000000
337,2022-05-05 21:47:30,173248817607,173248.817607000000,10971777187093,10971777.187093000000
338,2022-05-10 21:46:50,172421937813,172421.937813000000,11144199124906,11144199.124906000000
339,2022-05-15 21:51:33,168281312815,168281.312815000000,11312480437721,11312480.437721000000
340,2022-05-20 21:45:55,160002862256,160002.862256000000,11472483299977,11472483.299977000000
341,2022-05-25 21:46:06,169007597834,169007.597834000000,11641490897811,11641490.897811000000
342,2022-05-30 21:46:12,163696811862,163696.811862000000,11805187709673,11805187.709673000000
343,2022-06-04 21:45:16,162340782180,162340.782180000000,11967528491853,11967528.491853000000
344,2022-06-09 21:46:36,138919762103,138919.762103000000,12106448253956,12106448.253956000000
345,2022-06-14 21:45:06,121086316506,121086.316506000000,12227534570462,12227534.570462000000
346,2022-06-19 21:48:19,116216272055,116216.272055000000,12343750842517,12343750.842517000000
347,2022-06-24 21:45:00,122720682635,122720.682635000000,12466471525152,12466471.525152000000
348,2022-06-29 21:45:32,123792277750,123792.277750000000,12590263802902,12590263.802902000000
349,2022-07-04 21:45:30,125541678700,125541.678700000000,12715805481602,12715805.481602000000
350,2022-07-09 21:45:34,115135305638,115135.305638000000,12830940787240,12830940.787240000000
351,2022-07-14 21:45:36,141792415732,141792.415732000000,12972733202972,12972733.202972000000
352,2022-07-19 21:44:58,134611424626,134611.424626000000,13107344627598,13107344.627598000000
353,2022-07-24 21:47:00,121313174941,121313.174941000000,13228657802539,13228657.802539000000
354,2022-07-29 21:44:51,146116971676,146116.971676000000,13374774774215,13374774.774215000000
355,2022-08-03 21:45:02,127309306074,127309.306074000000,13502084080289,13502084.080289000000
356,2022-08-08 21:45:00,116037863239,116037.863239000000,13618121943528,13618121.943528000000
357,2022-08-13 21:46:53,125139811300,125139.811300000000,13743261754828,13743261.754828000000
358,2022-08-18 21:44:58,122422588869,122422.588869000000,13865684343697,13865684.343697000000
359,2022-08-23 21:45:52,113844382083,113844.382083000000,13979528725780,13979528.725780000000
360,2022-08-28 21:45:32,116644395040,116644.395040000000,14096173120820,14096173.120820000000
361,2022-09-02 21:49:50,116245201535,116245.201535000000,14212418322355,14212418.322355000000
362,2022-09-07 21:56:05,105632674757,105632.674757000000,14318050997112,14318050.997112000000
363,2022-09-12 21:53:14,96402895987,96402.895987000000,14414453893099,14414453.893099000000
364,2022-09-17 21:45:01,108558934873,108558.934873000000,14523012827972,14523012.827972000000
365,2022-09-22 21:46:27,104151206114,104151.206114000000,14627164034086,14627164.034086000000
366,2022-09-27 21:45:11,118397841967,118397.841967000000,14745561876053,14745561.876053000000
367,2022-10-02 21:45:57,108742623350,108742.623350000000,14854304499403,14854304.499403000000
368,2022-10-07 21:45:45,107883932533,107883.932533000000,14962188431936,14962188.431936000000
369,2022-10-12 21:45:08,128070030085,128070.030085000000,15090258462021,15090258.462021000000
370,2022-10-17 21:48:28,152923380161,152923.380161000000,15243181842182,15243181.842182000000
371,2022-10-22 21:46:23,156667997533,156667.997533000000,15399849839715,15399849.839715000000
372,2022-10-27 21:44:55,135182484587,135182.484587000000,15535032324302,15535032.324302000000
373,2022-11-01 21:44:51,132842803910,132842.803910000000,15667875128212,15667875.128212000000
374,2022-11-06 21:44:51,113974926022,113974.926022000000,15781850054234,15781850.054234000000
375,2022-11-11 21:48:29,108476815659,108476.815659000000,15890326869893,15890326.869893000000
376,2022-11-16 21:46:42,113192136071,113192.136071000000,16003519005964,16003519.005964000000
377,2022-11-21 21:50:06,130798478937,130798.478937000000,16134317484901,16134317.484901000000
378,2022-11-26 21:45:36,106316486792,106316.486792000000,16240633971693,16240633.971693000000
379,2022-12-01 21:45:29,109851370234,109851.370234000000,16350485341927,16350485.341927000000
380,2022-12-06 21:45:07,105673704020,105673.704020000000,16456159045947,16456159.045947000000
381,2022-12-11 21:51:19,125323734583,125323.734583000000,16581482780530,16581482.780530000000
382,2022-12-16 21:46:16,118921741629,118921.741629000000,16700404522159,16700404.522159000000
383,2022-12-21 21:45:35,108281387091,108281.387091000000,16808685909250,16808685.909250000000
384,2022-12-26 21:45:28,115005681766,115005.681766000000,16923691591016,16923691.591016000000
385,2022-12-31 21:44:55,127566331717,127566.331717000000,17051257922733,17051257.922733000000
386,2023-01-05 21:44:51,144027011453,144027.011453000000,17195284934186,17195284.934186000000
387,2023-01-10 21:46:08,126905468922,126905.468922000000,17322190403108,17322190.403108000000
388,2023-01-15 21:48:10,117656039688,117656.039688000000,17439846442796,17439846.442796000000
389,2023-01-20 21:48:38,115998871359,115998.871359000000,17555845314155,17555845.314155000000
390,2023-01-25 21:46:08,118283250151,118283.250151000000,17674128564306,17674128.564306000000
391,2023-01-30 21:46:15,146394866089,146394.866089000000,17820523430395,17820523.430395000000
392,2023-02-04 21:48:54,134519828370,134519.828370000000,17955043258765,17955043.258765000000
393,2023-02-09 21:46:32,110204364303,110204.364303000000,18065247623068,18065247.623068000000
394,2023-02-14 21:46:16,98381165945,98381.165945000000,18163628789013,18163628.789013000000
395,2023-02-19 21:44:59,92866059325,92866.059325000000,18256494848338,18256494.848338000000
396,2023-02-24 21:47:42,95935934203,95935.934203000000,18352430782541,18352430.782541000000
397,2023-03-01 21:45:54,94512063494,94512.063494000000,18446942846035,18446942.846035000000
398,2023-03-06 21:46:33,91606923726,91606.923726000000,18538549769761,18538549.769761000000
399,2023-03-11 21:48:16,100057069132,100057.069132000000,18638606838893,18638606.838893000000
400,2023-03-16 21:48:38,107737939769,107737.939769000000,18746344778662,18746344.778662000000
401,2023-03-21 21:45:15,98420247794,98420.247794000000,18844765026456,18844765.026456000000
402,2023-03-26 21:46:12,81843315874,81843.315874000000,18926608342330,18926608.342330000000
403,2023-03-31 21:49:49,89160098747,89160.098747000000,19015768441077,19015768.441077000000
404,2023-04-05 21:45:37,81840980787,81840.980787000000,19097609421864,19097609.421864000000
405,2023-04-10 21:45:36,95730080127,95730.080127000000,19193339501991,19193339.501991000000
406,2023-04-15 21:46:34,89563158021,89563.158021000000,19282902660012,19282902.660012000000
407,2023-04-20 21:46:22,89902825527,89902.825527000000,19372805485539,19372805.485539000000
408,2023-04-25 21:46:35,81606583481,81606.583481000000,19454412069020,19454412.069020000000
409,2023-04-30 21:47:21,112970641738,112970.641738000000,19567382710758,19567382.710758000000
410,2023-05-05 21:45:10,144531788134,144531.788134000000,19711914498892,19711914.498892000000
411,2023-05-10 21:46:15,113966019030,113966.019030000000,19825880517922,19825880.517922000000
412,2023-05-15 21:46:10,117744837387,117744.837387000000,19943625355309,19943625.355309000000
413,2023-05-20 21:47:36,149969305714,149969.305714000000,20093594661023,20093594.661023000000
414,2023-05-25 21:46:32,164499006117,164499.006117000000,20258093667140,20258093.667140000000
415,2023-05-30 21:45:29,178691909769,178691.909769000000,20436785576909,20436785.576909000000
416,2023-06-04 21:46:57,169559835776,169559.835776000000,20606345412685,20606345.412685000000
417,2023-06-09 21:47:26,134243110070,134243.110070000000,20740588522755,20740588.522755000000
418,2023-06-14 21:44:54,120268372942,120268.372942000000,20860856895697,20860856.895697000000
419,2023-06-19 21:45:21,128880013669,128880.013669000000,20989736909366,20989736.909366000000
420,2023-06-24 21:45:05,141402900482,141402.900482000000,21131139809848,21131139.809848000000
421,2023-06-29 21:46:01,135605137798,135605.137798000000,21266744947646,21266744.947646000000
422,2023-07-04 21:45:05,146019384340,146019.384340000000,21412764331986,21412764.331986000000
423,2023-07-09 21:44:51,158543961356,158543.961356000000,21571308293342,21571308.293342000000
424,2023-07-14 21:44:58,126583595594,126583.595594000000,21697891888936,21697891.888936000000
425,2023-07-19 21:45:17,132388057408,132388.057408000000,21830279946344,21830279.946344000000
426,2023-07-24 21:45:42,126908377168,126908.377168000000,21957188323512,21957188.323512000000
427,2023-07-29 21:45:43,111377755881,111377.755881000000,22068566079393,22068566.079393000000
428,2023-08-03 21:44:55,123472666660,123472.666660000000,22192038746053,22192038.746053000000
429,2023-08-08 21:45:12,95911502104,95911.502104000000,22287950248157,22287950.248157000000
430,2023-08-13 21:45:03,92908383223,92908.383223000000,22380858631380,22380858.631380000000
431,2023-08-18 21:44:53,85200251438,85200.251438000000,22466058882818,22466058.882818000000
432,2023-08-23 21:44:52,81096601264,81096.601264000000,22547155484082,22547155.484082000000
433,2023-08-28 21:45:05,97181599871,97181.599871000000,22644337083953,22644337.083953000000
434,2023-09-02 21:45:09,80850640036,80850.640036000000,22725187723989,22725187.723989000000
435,2023-09-07 21:45:30,80726565041,80726.565041000000,22805914289030,22805914.289030000000
436,2023-09-12 21:45:10,76712051292,76712.051292000000,22882626340322,22882626.340322000000
437,2023-09-17 21:44:58,75841342949,75841.342949000000,22958467683271,22958467.683271000000
438,2023-09-22 21:45:05,94494265027,94494.265027000000,23052961948298,23052961.948298000000
439,2023-09-27 21:45:09,104217504420,104217.504420000000,23157179452718,23157179.452718000000
440,2023-10-02 21:44:51,95326704362,95326.704362000000,23252506157080,23252506.157080000000
441,2023-10-07 21:45:01,94168039957,94168.039957000000,23346674197037,23346674.197037000000
442,2023-10-12 21:45:12,102416026622,102416.026622000000,23449090223659,23449090.223659000000
443,2023-10-17 21:45:40,89675434107,89675.434107000000,23538765657766,23538765.657766000000
444,2023-10-22 21:45:08,104860675153,104860.675153000000,23643626332919,23643626.332919000000
445,2023-10-27 21:45:10,95519681541,95519.681541000000,23739146014460,23739146.014460000000
446,2023-11-01 21:46:00,103376974891,103376.974891000000,23842522989351,23842522.989351000000
447,2023-11-06 21:45:50,104111334647,104111.334647000000,23946634323998,23946634.323998000000
448,2023-11-11 21:46:14,102026957711,102026.957711000000,24048661281709,24048661.281709000000
449,2023-11-16 21:44:57,97810290193,97810.290193000000,24146471571902,24146471.571902000000
450,2023-11-21 21:44:51,89061401822,89061.401822000000,24235532973724,24235532.973724000000
451,2023-11-26 21:44:58,100347025883,100347.025883000000,24335879999607,24335879.999607000000
452,2023-12-01 21:44:52,121425743292,121425.743292000000,24457305742899,24457305.742899000000
453,2023-12-06 21:45:15,169299131726,169299.131726000000,24626604874625,24626604.874625000000
454,2023-12-11 21:46:00,166398424201,166398.424201000000,24793003298826,24793003.298826000000
455,2023-12-16 21:44:53,164148391587,164148.391587000000,24957151690413,24957151.690413000000
456,2023-12-21 21:45:01,146643347671,146643.347671000000,25103795038084,25103795.038084000000
457,2023-12-26 21:45:09,165239539583,165239.539583000000,25269034577667,25269034.577667000000
458,2023-12-31 21:45:01,150603248974,150603.248974000000,25419637826641,25419637.826641000000
459,2024-01-05 21:45:31,149502178144,149502.178144000000,25569140004785,25569140.004785000000
460,2024-01-10 21:45:09,149921795091,149921.795091000000,25719061799876,25719061.799876000000
461,2024-01-15 21:45:12,130779342061,130779.342061000000,25849841141937,25849841.141937000000
462,2024-01-20 21:44:58,125330099819,125330.099819000000,25975171241756,25975171.241756000000
463,2024-01-25 21:45:36,110907245455,110907.245455000000,26086078487211,26086078.487211000000
464,2024-01-30 21:45:37,116912422703,116912.422703000000,26202990909914,26202990.909914000000
465,2024-02-04 21:45:14,117812147465,117812.147465000000,26320803057379,26320803.057379000000
466,2024-02-09 21:45:19,121919432526,121919.432526000000,26442722489905,26442722.489905000000
467,2024-02-14 21:45:05,115983833237,115983.833237000000,26558706323142,26558706.323142000000
468,2024-02-19 21:45:22,116201496061,116201.496061000000,26674907819203,26674907.819203000000
469,2024-02-24 21:45:02,121519980918,121519.980918000000,26796427800121,26796427.800121000000
470,2024-02-29 21:45:58,133408580939,133408.580939000000,26929836381060,26929836.381060000000
471,2024-03-05 21:45:28,136006087043,136006.087043000000,27065842468103,27065842.468103000000
472,2024-03-10 21:45:06,123634509077,123634.509077000000,27189476977180,27189476.977180000000
473,2024-03-15 21:45:26,105972074454,105972.074454000000,27295449051634,27295449.051634000000
474,2024-03-20 21:45:05,83019604600,83019.604600000000,27378468656234,27378468.656234000000
475,2024-03-25 21:45:00,98050528642,98050.528642000000,27476519184876,27476519.184876000000
476,2024-03-30 21:44:55,102081461302,102081.461302000000,27578600646178,27578600.646178000000
477,2024-04-04 21:44:52,94128682735,94128.682735000000,27672729328913,27672729.328913000000
478,2024-04-09 21:45:10,98481346800,98481.346800000000,27771210675713,27771210.675713000000
479,2024-04-14 21:44:58,88531121892,88531.121892000000,27859741797605,27859741.797605000000
480,2024-04-19 21:45:02,84012172874,84012.172874000000,27943753970479,27943753.970479000000
481,2024-04-24 21:45:14,75889828347,75889.828347000000,28019643798826,28019643.798826000000
482,2024-04-29 21:45:31,75526246011,75526.246011000000,28095170044837,28095170.044837000000
483,2024-05-04 21:45:56,75117947461,75117.947461000000,28170287992298,28170287.992298000000
484,2024-05-09 21:45:14,78770930119,78770.930119000000,28249058922417,28249058.922417000000
485,2024-05-14 21:44:54,83167097183,83167.097183000000,28332226019600,28332226.019600000000
486,2024-05-19 21:45:38,81838755765,81838.755765000000,28414064775365,28414064.775365000000
487,2024-05-24 21:45:20,68506507251,68506.507251000000,28482571282616,28482571.282616000000
488,2024-05-29 21:44:57,69507849957,69507.849957000000,28552079132573,28552079.132573000000
489,2024-06-03 21:45:07,79007776775,79007.776775000000,28631086909348,28631086.909348000000
490,2024-06-08 21:45:00,70416209324,70416.209324000000,28701503118672,28701503.118672000000
491,2024-06-13 21:44:55,72079705835,72079.705835000000,28773582824507,28773582.824507000000
492,2024-06-18 21:44:58,142923441716,142923.441716000000,28916506266223,28916506.266223000000
493,2024-06-23 21:45:12,141437820728,141437.820728000000,29057944086951,29057944.086951000000
494,2024-06-28 21:44:55,97664600823,97664.600823000000,29155608687774,29155608.687774000000
495,2024-07-03 21:44:57,82024444572,82024.444572000000,29237633132346,29237633.132346000000
496,2024-07-08 21:45:12,89490892177,89490.892177000000,29327124024523,29327124.024523000000
497,2024-07-13 21:45:15,78462502268,78462.502268000000,29405586526791,29405586.526791000000
498,2024-07-18 21:46:38,67012196188,67012.196188000000,29472598722979,29472598.722979000000
499,2024-07-23 21:45:05,62216157710,62216.157710000000,29534814880689,29534814.880689000000
500,2024-07-28 21:44:53,67528053731,67528.053731000000,29602342934420,29602342.934420000000
501,2024-08-02 21:45:16,68222967808,68222.967808000000,29670565902228,29670565.902228000000
502,2024-08-07 21:44:52,55252759780,55252.759780000000,29725818662008,29725818.662008000000
503,2024-08-12 21:44:52,50465238805,50465.238805000000,29776283900813,29776283.900813000000
504,2024-08-17 21:46:31,50135685073,50135.685073000000,29826419585886,29826419.585886000000
505,2024-08-22 21:44:59,57700605861,57700.605861000000,29884120191747,29884120.191747000000
506,2024-08-27 21:45:19,59492203551,59492.203551000000,29943612395298,29943612.395298000000
507,2024-09-01 21:45:46,116094310914,116094.310914000000,30059706706212,30059706.706212000000
508,2024-09-06 21:45:01,93107532403,93107.532403000000,30152814238615,30152814.238615000000
509,2024-09-11 21:45:07,69661135669,69661.135669000000,30222475374284,30222475.374284000000
510,2024-09-16 21:44:57,132156650545,132156.650545000000,30354632024829,30354632.024829000000
511,2024-09-21 21:44:54,65976001813,65976.001813000000,30420608026642,30420608.026642000000
512,2024-09-26 21:44:55,68232433058,68232.433058000000,30488840459700,30488840.459700000000
513,2024-10-01 21:45:00,52697610335,52697.610335000000,30541538070035,30541538.070035000000
514,2024-10-06 21:45:01,58567071839,58567.071839000000,30600105141874,30600105.141874000000
515,2024-10-11 21:45:39,59638626715,59638.626715000000,30659743768589,30659743.768589000000
516,2024-10-16 21:44:52,65707612499,65707.612499000000,30725451381088,30725451.381088000000
517,2024-10-21 21:45:03,69465379538,69465.379538000000,30794916760626,30794916.760626000000
518,2024-10-26 21:45:46,72593325622,72593.325622000000,30867510086248,30867510.086248000000
519,2024-10-31 21:45:39,72701133032,72701.133032000000,30940211219280,30940211.219280000000
520,2024-11-05 21:44:57,125348359030,125348.359030000000,31065559578310,31065559.578310000000
521,2024-11-10 21:45:17,126106389542,126106.389542000000,31191665967852,31191665.967852000000
522,2024-11-15 21:45:18,180613758365,180613.758365000000,31372279726217,31372279.726217000000
523,2024-11-20 21:44:57,200786096558,200786.096558000000,31573065822775,31573065.822775000000
524,2024-11-25 21:44:51,178596662776,178596.662776000000,31751662485551,31751662.485551000000
525,2024-11-30 21:44:59,211458647448,211458.647448000000,31963121132999,31963121.132999000000
526,2024-12-05 21:44:58,190021074276,190021.074276000000,32153142207275,32153142.207275000000
527,2024-12-10 21:44:57,158411032771,158411.032771000000,32311553240046,32311553.240046000000
528,2024-12-15 21:45:07,132087308893,132087.308893000000,32443640548939,32443640.548939000000
529,2024-12-20 21:45:08,113830599860,113830.599860000000,32557471148799,32557471.148799000000
530,2024-12-25 21:45:22,103650666676,103650.666676000000,32661121815475,32661121.815475000000
531,2024-12-30 21:45:22,107386764248,107386.764248000000,32768508579723,32768508.579723000000
532,2025-01-04 21:45:01,92068198245,92068.198245000000,32860576777968,32860576.777968000000
533,2025-01-09 21:44:53,97834822698,97834.822698000000,32958411600666,32958411.600666000000
534,2025-01-14 21:45:19,135143065318,135143.065318000000,33093554665984,33093554.665984000000
535,2025-01-19 21:44:57,102941304846,102941.304846000000,33196495970830,33196495.970830000000
536,2025-01-24 21:45:11,93384750236,93384.750236000000,33289880721066,33289880.721066000000
537,2025-01-29 21:45:00,117841394966,117841.394966000000,33407722116032,33407722.116032000000
538,2025-02-03 21:44:55,76469312907,76469.312907000000,33484191428939,33484191.428939000000
539,2025-02-08 21:44:52,67915279673,67915.279673000000,33552106708612,33552106.708612000000
540,2025-02-13 21:44:59,76503073588,76503.073588000000,33628609782200,33628609.782200000000
541,2025-02-18 21:44:55,74074183501,74074.183501000000,33702683965701,33702683.965701000000
542,2025-02-23 21:45:05,73755360046,73755.360046000000,33776439325747,33776439.325747000000
543,2025-02-28 21:45:04,99113874767,99113.874767000000,33875553200514,33875553.200514000000
544,2025-03-05 21:45:25,66943752902,66943.752902000000,33942496953416,33942496.953416000000
545,2025-03-10 21:45:09,63417467271,63417.467271000000,34005914420687,34005914.420687000000
546,2025-03-15 21:44:57,53377937268,53377.937268000000,34059292357955,34059292.357955000000
547,2025-03-20 21:44:57,54873551989,54873.551989000000,34114165909944,34114165.909944000000
548,2025-03-25 21:44:58,53136772606,53136.772606000000,34167302682550,34167302.682550000000
549,2025-03-30 21:44:59,56324445971,56324.445971000000,34223627128521,34223627.128521000000
550,2025-04-04 21:44:51,67431504009,67431.504009000000,34291058632530,34291058.632530000000
551,2025-04-09 21:45:18,53017461145,53017.461145000000,34344076093675,34344076.093675000000
552,2025-04-14 21:45:00,50927072843,50927.072843000000,34395003166518,34395003.166518000000
553,2025-04-19 21:45:24,64560236707,64560.236707000000,34459563403225,34459563.403225000000
554,2025-04-24 21:45:15,68441198106,68441.198106000000,34528004601331,34528004.601331000000
555,2025-04-29 21:45:29,59835064481,59835.064481000000,34587839665812,34587839.665812000000
556,2025-05-04 21:45:10,66709040539,66709.040539000000,34654548706351,34654548.706351000000
557,2025-05-09 21:44:57,71848824176,71848.824176000000,34726397530527,34726397.530527000000
558,2025-05-14 21:45:10,65678280212,65678.280212000000,34792075810739,34792075.810739000000
559,2025-05-19 21:45:07,65549685494,65549.685494000000,34857625496233,34857625.496233000000
560,2025-05-24 21:45:03,58785812262,58785.812262000000,34916411308495,34916411.308495000000
561,2025-05-29 21:45:01,62471219138,62471.219138000000,34978882527633,34978882.527633000000
562,2025-06-03 21:44:52,57692892585,57692.892585000000,35036575420218,35036575.420218000000
563,2025-06-08 21:45:28,64359325919,64359.325919000000,35100934746137,35100934.746137000000
564,2025-06-13 21:45:32,55090590473,55090.590473000000,35156025336610,35156025.336610000000
565,2025-06-18 21:45:01,58995932473,58995.932473000000,35215021269083,35215021.269083000000
566,2025-06-23 21:45:23,54808134305,54808.134305000000,35269829403388,35269829.403388000000
567,2025-06-28 21:45:04,63574235309,63574.235309000000,35333403638697,35333403.638697000000
568,2025-07-03 21:45:09,42082504265,42082.504265000000,35375486142962,35375486.142962000000
569,2025-07-08 21:45:05,63716182250,63716.182250000000,35439202325212,35439202.325212000000
570,2025-07-13 21:45:10,68454908159,68454.908159000000,35507657233371,35507657.233371000000
571,2025-07-18 21:45:23,63477229627,63477.229627000000,35571134462998,35571134.462998000000
572,2025-07-23 21:45:06,53229217424,53229.217424000000,35624363680422,35624363.680422000000
573,2025-07-28 21:45:06,61937643084,61937.643084000000,35686301323506,35686301.323506000000
574,2025-08-02 21:46:03,62802372716,62802.372716000000,35749103696222,35749103.696222000000
575,2025-08-07 21:44:51,66532247801,66532.247801000000,35815635944023,35815635.944023000000
576,2025-08-12 21:45:04,75915892399,75915.892399000000,35891551836422,35891551.836422000000
577,2025-08-17 21:45:08,55328601600,55328.601600000000,35946880438022,35946880.438022000000
578,2025-08-22 21:45:01,47010291572,47010.291572000000,35993890729594,35993890.729594000000
579,2025-08-27 21:44:51,46412472884,46412.472884000000,36040303202478,36040303.202478000000
580,2025-09-01 21:44:58,58327682843,58327.682843000000,36098630885321,36098630.885321000000
581,2025-09-06 21:45:15,57537854339,57537.854339000000,36156168739660,36156168.739660000000
582,2025-09-11 21:45:08,57734386029,57734.386029000000,36213903125689,36213903.125689000000
583,2025-09-16 21:44:54,48723360631,48723.360631000000,36262626486320,36262626.486320000000
584,2025-09-21 21:45:23,51248384697,51248.384697000000,36313874871017,36313874.871017000000
585,2025-09-26 21:44:57,44618509705,44618.509705000000,36358493380722,36358493.380722000000
586,2025-10-01 21:45:29,45555492079,45555.492079000000,36404048872801,36404048.872801000000
587,2025-10-06 21:45:11,54886069365,54886.069365000000,36458934942166,36458934.942166000000
588,2025-10-11 21:45:16,49657867107,49657.867107000000,36508592809273,36508592.809273000000
589,2025-10-16 21:45:04,46453119234,46453.119234000000,36555045928507,36555045.928507000000
590,2025-10-21 21:45:28,46605229614,46605.229614000000,36601651158121,36601651.158121000000
591,2025-10-26 21:45:30,51397454507,51397.454507000000,36653048612628,36653048.612628000000
592,2025-10-31 21:45:16,60932802982,60932.802982000000,36713981415610,36713981.415610000000
593,2025-11-05 21:44:51,47653517462,47653.517462000000,36761634933072,36761634.933072000000
594,2025-11-10 21:44:57,44455688444,44455.688444000000,36806090621516,36806090.621516000000
595,2025-11-15 21:44:54,57827752720,57827.752720000000,36863918374236,36863918.374236000000
596,2025-11-20 21:44:55,48285543063,48285.543063000000,36912203917299,36912203.917299000000
597,2025-11-25 21:44:51,41803003800,41803.003800000000,36954006921099,36954006.921099000000
598,2025-11-30 21:45:34,47673835280,47673.835280000000,37001680756379,37001680.756379000000
599,2025-12-05 21:44:52,65522546433,65522.546433000000,37067203302812,37067203.302812000000
600,2025-12-10 21:45:01,82838816735,82838.816735000000,37150042119547,37150042.119547000000
601,2025-12-15 21:44:58,76494630069,76494.630069000000,37226536749616,37226536.749616000000
602,2025-12-20 21:44:51,77071184121,77071.184121000000,37303607933737,37303607.933737000000
603,2025-12-25 21:45:03,54032156910,54032.156910000000,37357640090647,37357640.090647000000
604,2025-12-30 21:44:57,53769560843,53769.560843000000,37411409651490,37411409.651490000000
605,2026-01-04 21:44:52,50030306787,50030.306787000000,37461439958277,37461439.958277000000
606,2026-01-09 21:45:21,38343554507,38343.554507000000,37499783512784,37499783.512784000000
607,2026-01-14 21:45:07,39018273269,39018.273269000000,37538801786053,37538801.786053000000
608,2026-01-19 21:45:05,40098421924,40098.421924000000,37578900207977,37578900.207977000000
609,2026-01-24 21:44:56,40050797135,40050.797135000000,37618951005112,37618951.005112000000
610,2026-01-29 21:44:55,64848742443,64848.742443000000,37683799747555,37683799.747555000000
611,2026-02-03 21:45:28,64349910572,64349.910572000000,37748149658127,37748149.658127000000
612,2026-02-08 21:44:55,141953798,141.9537980000000000,37748291611925,37748291.611925000000
613,2026-02-13 21:44:52,10896920040,10896.920040000000,37759188531965,37759188.531965000000
