epoch_no,start_time,end_time,reserves_start,reserves_end,reserves_delta,treasury_start,treasury_end,treasury_delta,pot_transfer_reserves,pot_transfer_treasury,deposit_net
210,2020-08-08 21:44:51,2020-08-13 21:44:31,13286160713028443,13278197552770393,-7963160258050,8332813711755,16306644182013,7973830470258,0,0,67266000000
211,2020-08-13 21:44:51,2020-08-18 21:44:28,13278197552770393,13270236767315870,-7960785454523,16306644182013,24275595982960,7968951800947,0,0,36616000000
212,2020-08-18 21:44:51,2020-08-23 21:44:26,13270236767315870,13262280841681299,-7955925634571,24275595982960,32239292149804,7963696166844,0,0,32986000000
213,2020-08-23 21:44:51,2020-08-28 21:44:25,13262280841681299,13247093198353459,-15187643327840,32239292149804,40198464232058,7959172082254,0,0,32200000000
214,2020-08-28 21:44:51,2020-09-02 21:44:24,13247093198353459,13230232787944838,-16860410408621,40198464232058,48148335794725,7949871562667,0,0,26602000000
215,2020-09-02 21:44:51,2020-09-07 21:44:23,13230232787944838,13212986170770203,-17246617174635,48148335794725,55876297807656,7727962012931,0,0,23134000000
216,2020-09-07 21:44:58,2020-09-12 21:44:23,13212986170770203,13195031638588164,-17954532182039,55876297807656,63707722011028,7831424203372,0,0,18884000000
217,2020-09-12 21:44:51,2020-09-17 21:44:22,13195031638588164,13176528835451373,-18502803136791,63707722011028,71629614335572,7921892324544,0,0,13686000000
218,2020-09-17 21:44:51,2020-09-22 21:44:22,13176528835451373,13157936081322000,-18592754129373,71629614335572,79429791062499,7800176726927,0,0,10294000000
219,2020-09-22 21:44:51,2020-09-27 21:44:20,13157936081322000,13139088245733216,-18847835588784,79429791062499,87229346231023,7799555168524,0,0,12236000000
220,2020-09-27 21:44:51,2020-10-02 21:44:19,13139088245733216,13120582265809833,-18505979923383,87229346231023,94812346026398,7582999795375,0,0,13766000000
221,2020-10-02 21:44:51,2020-10-07 21:44:22,13120582265809833,13101550250680254,-19032015129579,94812346026398,102526032953120,7713686926722,0,0,12488000000
222,2020-10-07 21:44:51,2020-10-12 21:44:25,13101550250680254,13082116350342059,-19433900338195,102526032953120,110388072013679,7862039060559,0,0,14470000000
223,2020-10-12 21:44:51,2020-10-17 21:44:16,13082116350342059,13062655956639744,-19460393702315,110388072013679,118208699416236,7820627402557,0,0,10166000000
224,2020-10-17 21:44:51,2020-10-22 21:44:28,13062655956639744,13042967905529920,-19688051109824,118208699416236,125940338514332,7731639098096,0,0,9720000000
225,2020-10-22 21:44:51,2020-10-27 21:44:46,13042967905529920,13023198387000242,-19769518529678,125940338514332,133613085475447,7672746961115,0,0,10338000000
226,2020-10-27 21:44:51,2020-11-01 21:44:12,13023198387000242,13003168356561692,-20030030438550,133613085475447,141320961489871,7707876014424,0,0,17288000000
227,2020-11-01 21:44:51,2020-11-06 21:44:14,13003168356561692,12983158507901822,-20009848659870,141320961489871,148966611367094,7645649877223,0,0,24132000000
228,2020-11-06 21:44:51,2020-11-11 21:44:47,12983158507901822,12963125292915959,-20033214985863,148966611367094,156672155969216,7705544602122,0,0,33726000000
229,2020-11-11 21:44:51,2020-11-16 21:44:07,12963125292915959,12943288527645190,-19836765270769,156672155969216,164146740314244,7474584345028,0,0,29852000000
230,2020-11-16 21:44:51,2020-11-21 21:44:42,12943288527645190,12923287136043547,-20001391601643,164146740314244,171650774380874,7504034066630,0,0,22906000000
231,2020-11-21 21:44:57,2020-11-26 21:44:03,12923287136043547,12901374614727880,-21912521315667,171650774380874,179282860001401,7632085620527,0,0,25722000000
232,2020-11-26 21:44:51,2020-12-01 21:44:22,12901374614727880,12879420804989068,-21953809738812,179282860001401,186903589285290,7620729283889,0,0,34480000000
233,2020-12-01 21:44:51,2020-12-06 21:44:38,12879420804989068,12857569396931762,-21851408057306,186903589285290,194427116830134,7523527544844,0,0,27588000000
234,2020-12-06 21:44:51,2020-12-11 21:44:50,12857569396931762,12835708801543869,-21860595387893,194427116830134,201938554280313,7511437450179,0,0,34320000000
235,2020-12-11 21:45:01,2020-12-16 21:43:48,12835708801543869,12813555587125201,-22153214418668,201938554280313,209567887755185,7629333474872,0,0,28934000000
236,2020-12-16 21:44:51,2020-12-21 21:44:06,12813555587125201,13112607631777589,299052044652388,209567887755185,217021605777163,7453718021978,0,0,15286000000
237,2020-12-21 21:44:51,2020-12-26 21:44:33,13112607631777589,13092064399031575,-20543232746014,217021605777163,224755310169411,7733704392248,0,0,16664000000
238,2020-12-26 21:44:55,2020-12-31 21:43:55,13092064399031575,13070468429326735,-21595969704840,224755310169411,232303490719413,7548180550002,0,0,19982000000
239,2020-12-31 21:44:51,2021-01-05 21:44:23,13070468429326735,13047906930168382,-22561499158353,232303490719413,240110310231353,7806819511940,0,0,24416000000
240,2021-01-05 21:44:51,2021-01-10 21:44:06,13047906930168382,13025619519514576,-22287410653806,240110310231353,247808783829569,7698473598216,0,0,40524000000
241,2021-01-10 21:45:01,2021-01-15 21:44:48,13025619519514576,13001889545532991,-23729973981585,247808783829569,255497935879168,7689152049599,0,0,29190000000
242,2021-01-15 21:44:51,2021-01-20 21:44:36,13001889545532991,12977832637176786,-24056908356205,255497935879168,261254564022929,5756628143761,0,0,38134000000
243,2021-01-20 21:44:51,2021-01-25 21:44:50,12977832637176786,12953750797382735,-24081839794051,261254564022929,268861912841117,7607348818188,0,0,38924000000
244,2021-01-25 21:44:51,2021-01-30 21:44:38,12953750797382735,12929566121367277,-24184676015458,268861912841117,276588875846127,7726963005010,0,0,27524000000
245,2021-01-30 21:44:51,2021-02-04 21:43:27,12929566121367277,12905245994461083,-24320126906194,276588875846127,284352137586764,7763261740637,0,0,56428000000
246,2021-02-04 21:44:51,2021-02-09 21:44:27,12905245994461083,12880948865137767,-24297129323316,284352137586764,292077855298344,7725717711580,0,0,56608000000
247,2021-02-09 21:44:51,2021-02-14 21:44:03,12880948865137767,12856514256368052,-24434608769715,292077855298344,299811858331381,7734003033037,0,0,77008000000
248,2021-02-14 21:45:10,2021-02-19 21:44:47,12856514256368052,12832265659375334,-24248596992718,299811858331381,307469331873040,7657473541659,0,0,93416000000
249,2021-02-19 21:44:51,2021-02-24 21:44:33,12832265659375334,12807979499513648,-24286159861686,307469331873040,315149768885434,7680437012394,0,0,106982000000
250,2021-02-24 21:44:51,2021-03-01 21:44:44,12807979499513648,12783925491495810,-24054008017838,315149768885434,322747474373585,7597705488151,0,0,95364000000
251,2021-03-01 21:44:51,2021-03-06 21:44:46,12783925491495810,12759915292888389,-24010198607421,322747474373585,330358411585833,7610937212248,0,0,111768000000
252,2021-03-06 21:44:51,2021-03-11 21:44:19,12759915292888389,12736017185934876,-23898106953513,330358411585833,337791818166627,7433406580794,0,0,96724000000
253,2021-03-11 21:44:51,2021-03-16 21:44:49,12736017185934876,12711785646200955,-24231539733921,337791818166627,345342263589600,7550445422973,0,0,81828000000
254,2021-03-16 21:44:51,2021-03-21 21:44:22,12711785646200955,12688276934220030,-23508711980925,345342263589600,352786796113777,7444532524177,0,0,77762000000
255,2021-03-21 21:44:51,2021-03-26 21:44:36,12688276934220030,12665043040299013,-23233893921017,352786796113777,360161954760303,7375158646526,0,0,58048000000
256,2021-03-26 21:44:51,2021-03-31 21:44:45,12665043040299013,12641992243076681,-23050797222332,360161954760303,367449804338663,7287849578360,0,0,61356000000
257,2021-03-31 21:48:20,2021-04-05 21:44:46,12641992243076681,12618536190581649,-23456052495032,367449804338663,374930989230241,7481184891578,0,0,58284000000
258,2021-04-05 21:45:46,2021-04-10 21:44:39,12618536190581649,12595569991053045,-22966199528604,374930989230241,382322104327451,7391115097210,0,0,49642000000
259,2021-04-10 21:47:06,2021-04-15 21:44:37,12595569991053045,12572853459591508,-22716531461537,382322104327451,389627105010745,7305000683294,0,0,52198000000
260,2021-04-15 22:08:57,2021-04-20 21:44:27,12572853459591508,12549908795306837,-22944664284671,389627105010745,396980740382998,7353635372253,0,0,44922000000
261,2021-04-20 21:45:05,2021-04-25 21:44:45,12549908795306837,12527064254027631,-22844541279206,396980740382998,404243604632007,7262864249009,0,0,46456000000
262,2021-04-25 21:47:01,2021-04-30 21:44:44,12527064254027631,12503994895122529,-23069358905102,404243604632007,411581611048417,7338006416410,0,0,48214000000
263,2021-04-30 21:45:27,2021-05-05 21:44:49,12503994895122529,12480979868875769,-23015026246760,411581611048417,418916130935065,7334519886648,0,0,45196000000
264,2021-05-05 21:47:27,2021-05-10 21:44:37,12480979868875769,12457884526305649,-23095342570120,418916130935065,426275062812584,7358931877519,0,0,56948000000
265,2021-05-10 21:45:31,2021-05-15 21:44:40,12457884526305649,12434957914838905,-22926611466744,426275062812584,433592879391282,7317816578698,0,0,63926000000
266,2021-05-15 21:49:56,2021-05-20 21:44:38,12434957914838905,12411854285907938,-23103628930967,433592879391282,440912464520623,7319585129341,0,0,69436000000
267,2021-05-20 21:44:51,2021-05-25 21:44:45,12411854285907938,12388414463130348,-23439822777590,440912464520623,448318487744510,7406023223887,0,0,58636000000
268,2021-05-25 21:45:09,2021-05-30 21:44:29,12388414463130348,12365028524445435,-23385938684913,448318487744510,455707939470671,7389451726161,0,0,60206000000
269,2021-05-30 21:45:17,2021-06-04 21:44:32,12365028524445435,12341518728137774,-23509796307661,455707939470671,463139474652805,7431535182134,0,0,62278000000
270,2021-06-04 21:46:23,2021-06-09 21:43:58,12341518728137774,12318321891398929,-23196836738845,463139474652805,470491973129948,7352498477143,0,0,48708000000
271,2021-06-09 21:44:58,2021-06-14 21:44:19,12318321891398929,12295113815583721,-23208075815208,470491973129948,477865672126854,7373698996906,0,0,38594000000
272,2021-06-14 21:45:23,2021-06-19 21:44:47,12295113815583721,12270780512858536,-24333302725185,477865672126854,485181573455503,7315901328649,0,0,46468000000
273,2021-06-19 21:45:24,2021-06-24 21:44:49,12270780512858536,12247689462766311,-23091050092225,485181573455503,492487924250431,7306350794928,0,0,34344000000
274,2021-06-24 21:45:55,2021-06-29 21:44:31,12247689462766311,12224475923697967,-23213539068344,492487924250431,499813627216983,7325702966552,0,0,31886000000
275,2021-06-29 21:47:35,2021-07-04 21:44:46,12224475923697967,12201340389910655,-23135533787312,499813627216983,507109701568970,7296074351987,0,0,40396000000
276,2021-07-04 21:45:46,2021-07-09 21:44:43,12201340389910655,12178189995478896,-23150394431759,507109701568970,514411351908730,7301650339760,0,0,37916000000
277,2021-07-09 21:46:07,2021-07-14 21:44:48,12178189995478896,12155122184954568,-23067810524328,514411351908730,521694330279703,7282978370973,0,0,29434000000
278,2021-07-14 21:45:00,2021-07-19 21:44:39,12155122184954568,12132264814197796,-22857370756772,521694330279703,528893184223406,7198853943703,0,0,31012000000
279,2021-07-19 21:46:59,2021-07-24 21:44:41,12132264814197796,12109284816700841,-22979997496955,528893184223406,530611692658077,1718508434671,0,0,22824000000
280,2021-07-24 21:45:36,2021-07-29 21:44:44,12109284816700841,12086332559356592,-22952257344249,530611692658077,537801015045532,7189322387455,0,0,29872000000
281,2021-07-29 21:46:38,2021-08-03 21:44:42,12086332559356592,12063362662818908,-22969896537684,537801015045532,544993458360858,7192443315326,0,0,27676000000
282,2021-08-03 21:44:51,2021-08-08 21:44:46,12063362662818908,12040662411646400,-22700251172508,544993458360858,552109061206815,7115602845957,0,0,33540000000
283,2021-08-08 21:46:08,2021-08-13 21:44:15,12040662411646400,12017762412942030,-22899998704370,552109061206815,559301273768095,7192212561280,0,0,34528000000
284,2021-08-13 21:46:01,2021-08-18 21:44:48,12017762412942030,11994919913555265,-22842499386765,559301273768095,566496518637485,7195244869390,0,0,40274000000
285,2021-08-18 21:45:28,2021-08-23 21:44:42,11994919913555265,11972182166198574,-22737747356691,566496518637485,573642248264697,7145729627212,0,0,48754000000
286,2021-08-23 21:46:15,2021-08-28 21:44:47,11972182166198574,11949345585782632,-22836580415942,573642248264697,580813475958128,7171227693431,0,0,39262000000
287,2021-08-28 21:47:10,2021-09-02 21:44:45,11949345585782632,11927003666950877,-22341918831755,580813475958128,587866685636543,7053209678415,0,0,40900000000
288,2021-09-02 21:45:01,2021-09-07 21:44:48,11927003666950877,11904389292477517,-22614374473360,587866685636543,595010655786398,7143970149855,0,0,42972000000
289,2021-09-07 21:45:31,2021-09-12 21:44:47,11904389292477517,11882381119547453,-22008172930064,595010655786398,601999673290515,6989017504117,0,0,49340000000
290,2021-09-12 21:47:46,2021-09-17 21:44:49,11882381119547453,11860319467481270,-22061652066183,601999673290515,609002817835001,7003144544486,0,0,43100000000
291,2021-09-17 21:46:33,2021-09-22 21:44:36,11860319467481270,11838146881718587,-22172585762683,609002817835001,616008493107142,7005675272141,0,0,38528000000
292,2021-09-22 21:46:03,2021-09-27 21:44:36,11838146881718587,11815842837779699,-22304043938888,616008493107142,623039919820396,7031426713254,0,0,37548000000
293,2021-09-27 21:46:53,2021-10-02 21:44:37,11815842837779699,11793690427914625,-22152409865074,623039919820396,630037263793143,6997343972747,0,0,31878000000
294,2021-10-02 21:50:11,2021-10-07 21:44:31,11793690427914625,11771504387608670,-22186040305955,630037263793143,637024173474141,6986909680998,0,0,31940000000
295,2021-10-07 21:44:59,2021-10-12 21:44:44,11771504387608670,11749349764763643,-22154622845027,637024173474141,643991464810237,6967291336096,0,0,27096000000
296,2021-10-12 21:44:59,2021-10-17 21:44:14,11749349764763643,11727557414227650,-21792350535993,643991464810237,650852643461256,6861178651019,0,0,32914000000
297,2021-10-17 21:47:15,2021-10-22 21:44:43,11727557414227650,11705653358398389,-21904055829261,650852643461256,657738963676591,6886320215335,0,0,21674000000
298,2021-10-22 21:47:43,2021-10-27 21:44:45,11705653358398389,11684019538729705,-21633819668684,657738963676591,664536270685807,6797307009216,0,0,28646000000
299,2021-10-27 21:46:25,2021-11-01 21:44:45,11684019538729705,11343887069673499,-340132469056206,664536270685807,671319247451273,6782976765466,0,0,29240000000
300,2021-11-01 21:49:05,2021-11-06 21:44:35,11343887069673499,11323054368200473,-20832701473026,671319247451273,677910511293920,6591263842647,0,0,24014000000
301,2021-11-06 21:46:27,2021-11-11 21:44:15,11323054368200473,11302106993169046,-20947375031427,677910511293920,684275367847493,6364856553573,0,0,28330000000
302,2021-11-11 21:46:52,2021-11-16 21:44:14,11302106993169046,11280717436923376,-21389556245670,684275367847493,690958635875788,6683268028295,0,0,36392000000
303,2021-11-16 21:45:05,2021-11-21 21:44:23,11280717436923376,11259657628761195,-21059808162181,690958635875788,697557178525050,6598542649262,0,0,41162000000
304,2021-11-21 21:44:55,2021-11-26 21:43:39,11259657628761195,11238469926202349,-21187702558846,697557178525050,704231212591513,6674034066463,0,0,34596000000
305,2021-11-26 21:45:18,2021-12-01 21:44:40,11238469926202349,11217568742767163,-20901183435186,704231212591513,710796083937713,6564871346200,0,0,36836000000
306,2021-12-01 21:46:31,2021-12-06 21:44:50,11217568742767163,11196633067737696,-20935675029467,710796083937713,717435151480773,6639067543060,0,0,29096000000
307,2021-12-06 21:45:26,2021-12-11 21:43:57,11196633067737696,11175759253425611,-20873814312085,717435151480773,724010388331415,6575236850642,0,0,25826000000
308,2021-12-11 21:45:50,2021-12-16 21:43:58,11175759253425611,11154816240369338,-20943013056273,724010388331415,730601615685965,6591227354550,0,0,22116000000
309,2021-12-16 21:45:46,2021-12-21 21:44:45,11154816240369338,11134121506196268,-20694734173070,730601615685965,737110558232480,6508942546515,0,0,23166000000
310,2021-12-21 21:46:06,2021-12-26 21:44:36,11134121506196268,11113347476573099,-20774029623169,737110558232480,743638101982934,6527543750454,0,0,19818000000
311,2021-12-26 21:45:00,2021-12-31 21:44:46,11113347476573099,11092893736994628,-20453739578471,743638101982934,750091385613797,6453283630863,0,0,18814000000
312,2021-12-31 21:44:58,2022-01-05 21:44:40,11092893736994628,11072246017826610,-20647719168018,750091385613797,756609425944090,6518040330293,0,0,23450000000
313,2022-01-05 21:45:31,2022-01-10 21:44:33,11072246017826610,11051631533654672,-20614484171938,756609425944090,763121537857734,6512111913644,0,0,35226000000
314,2022-01-10 21:46:48,2022-01-15 21:44:03,11051631533654672,11031385419250644,-20246114404028,763121537857734,769551576595698,6430038737964,0,0,28688000000
315,2022-01-15 21:46:27,2022-01-20 21:44:38,11031385419250644,11011700944995489,-19684474255155,769551576595698,775800361280391,6248784684693,0,0,88768000000
316,2022-01-20 21:44:59,2022-01-25 21:44:50,11011700944995489,10992003609815988,-19697335179501,775800361280391,782079043389156,6278682108765,0,0,57582000000
317,2022-01-25 21:45:22,2022-01-30 21:44:31,10992003609815988,10972584901107006,-19418708708982,782079043389156,788297676230791,6218632841635,0,0,29470000000
318,2022-01-30 21:45:49,2022-02-04 21:44:26,10972584901107006,10953227838823001,-19357062284005,788297676230791,794490731721927,6193055491136,0,0,23330000000
319,2022-02-04 21:45:26,2022-02-09 21:44:03,10953227838823001,10933650872361432,-19576966461569,794490731721927,800775096758125,6284365036198,0,0,21188000000
320,2022-02-09 21:45:46,2022-02-14 21:44:31,10933650872361432,10914331394835612,-19319477525820,800775096758125,806985387511233,6210290753108,0,0,21296000000
321,2022-02-14 21:45:00,2022-02-19 21:44:23,10914331394835612,10894905349913180,-19426044922432,806985387511233,805605092526580,-1380294984653,0,0,22676000000
322,2022-02-19 21:45:01,2022-02-24 21:44:29,10894905349913180,10875612782714797,-19292567198383,805605092526580,811794260532363,6189168005783,0,0,11504000000
323,2022-02-24 21:48:43,2022-03-01 21:44:42,10875612782714797,10856555549633463,-19057233081334,811794260532363,816782078123190,4987817590827,0,0,12382000000
324,2022-03-01 21:45:52,2022-03-06 21:44:45,10856555549633463,10837286615744764,-19268933888699,816782078123190,822987529535214,6205451412024,0,0,8482000000
325,2022-03-06 21:45:28,2022-03-11 21:44:47,10837286615744764,10817894577514127,-19392038230637,822987529535214,829237846580369,6250317045155,0,0,9786000000
326,2022-03-11 21:48:10,2022-03-16 21:44:08,10817894577514127,10798756714539428,-19137862974699,829237846580369,835407607356681,6169760776312,0,0,6522000000
327,2022-03-16 21:45:06,2022-03-21 21:44:10,10798756714539428,10779457383188418,-19299331351010,835407607356681,841610183661313,6202576304632,0,0,17906000000
328,2022-03-21 21:45:16,2022-03-26 21:43:35,10779457383188418,10760324733104603,-19132650083815,841610183661313,847806215028479,6196031367166,0,0,14294000000
329,2022-03-26 21:44:51,2022-03-31 21:44:35,10760324733104603,10741397939952327,-18926793152276,847806215028479,853941152115025,6134937086546,0,0,10736000000
330,2022-03-31 21:46:34,2022-04-05 21:44:35,10741397939952327,10722297918395194,-19100021557133,853941152115025,860166383169807,6225231054782,0,0,9538000000
331,2022-04-05 21:45:02,2022-04-10 21:44:42,10722297918395194,10702736716126709,-19561202268485,860166383169807,866276896064357,6110512894550,0,0,6238000000
332,2022-04-10 21:46:19,2022-04-15 21:44:42,10702736716126709,10682871684482153,-19865031644556,866276896064357,872471870892203,6194974827846,0,0,13142000000
333,2022-04-15 21:47:28,2022-04-20 21:44:48,10682871684482153,10662954751304020,-19916933178133,872471870892203,878653307632686,6181436740483,0,0,9950000000
334,2022-04-20 21:45:15,2022-04-25 21:44:50,10662954751304020,10643350776202190,-19603975101830,878653307632686,884736526609247,6083218976561,0,0,11480000000
335,2022-04-25 21:45:07,2022-04-30 21:44:36,10643350776202190,10623895506123552,-19455270078638,884736526609247,890778684245517,6042157636270,0,0,10368000000
336,2022-04-30 21:45:16,2022-05-05 21:44:43,10623895506123552,10604486697782318,-19408808341234,890778684245517,896790999922300,6012315676783,0,0,6768000000
337,2022-05-05 21:47:30,2022-05-10 21:44:32,10604486697782318,10584926320452051,-19560377330267,896790999922300,902856542906841,6065542984541,0,0,-770000000
338,2022-05-10 21:46:50,2022-05-15 21:44:36,10584926320452051,10565374767957279,-19551552494772,902856542906841,908925569281222,6069026374381,0,0,5030000000
339,2022-05-15 21:51:33,2022-05-20 21:43:05,10565374767957279,10545586696000514,-19788071956765,908925569281222,915064913598237,6139344317015,0,0,7696000000
340,2022-05-20 21:45:55,2022-05-25 21:44:42,10545586696000514,10526055083287405,-19531612713109,915064913598237,921148142062990,6083228464753,0,0,5626000000
341,2022-05-25 21:46:06,2022-05-30 21:44:47,10526055083287405,10506491829002854,-19563254284551,921148142062990,927231126863356,6082984800366,0,0,4364000000
342,2022-05-30 21:46:12,2022-06-04 21:44:08,10506491829002854,10487149571006994,-19342257995860,927231126863356,900379780082021,-26851346781335,0,0,2762000000
343,2022-06-04 21:45:16,2022-06-09 21:44:47,10487149571006994,10467739665223957,-19409905783037,900379780082021,906447014546351,6067234464330,0,0,9438000000
344,2022-06-09 21:46:36,2022-06-14 21:44:35,10467739665223957,10448049960041700,-19689705182257,906447014546351,912584295685928,6137281139577,0,0,6574000000
345,2022-06-14 21:45:06,2022-06-19 21:44:39,10448049960041700,10428470110767403,-19579849274297,912584295685928,918713205275544,6128909589616,0,0,8558000000
346,2022-06-19 21:48:19,2022-06-24 21:44:28,10428470110767403,10409105745481118,-19364365286285,918713205275544,924761379220192,6048173944648,0,0,11196000000
347,2022-06-24 21:45:00,2022-06-29 21:44:42,10409105745481118,10389506871116964,-19598874364154,924761379220192,930867659133409,6106279913217,0,0,3242000000
348,2022-06-29 21:45:32,2022-07-04 21:43:45,10389506871116964,10370377949854532,-19128921262432,930867659133409,936834108750911,5966449617502,0,0,6912000000
349,2022-07-04 21:45:30,2022-07-09 21:44:47,10370377949854532,10352411929782702,-17966020071830,936834108750911,942432272103687,5598163352776,0,0,6510000000
350,2022-07-09 21:45:34,2022-07-14 21:44:42,10352411929782702,10333899043124872,-18512886657830,942432272103687,948203440354410,5771168250723,0,0,5790000000
351,2022-07-14 21:45:36,2022-07-19 21:44:07,10333899043124872,10314641202700475,-19257840424397,948203440354410,954249374293574,6045933939164,0,0,3906000000
352,2022-07-19 21:44:58,2022-07-24 21:44:17,10314641202700475,10295428286983073,-19212915717402,954249374293574,960277877068492,6028502774918,0,0,4614000000
353,2022-07-24 21:47:00,2022-07-29 21:44:31,10295428286983073,10276330879384622,-19097407598451,960277877068492,966281863995315,6003986926823,0,0,4754000000
354,2022-07-29 21:44:51,2022-08-03 21:44:50,10276330879384622,10257589126504652,-18741752879970,966281863995315,972182782671244,5900918675929,0,0,4446000000
355,2022-08-03 21:45:02,2022-08-08 21:44:46,10257589126504652,10239288792981608,-18300333523044,972182782671244,977973384876487,5790602205243,0,0,6582000000
356,2022-08-08 21:45:00,2022-08-13 21:44:46,10239288792981608,10220679892460660,-18608900520948,977973384876487,983837643868650,5864258992163,0,0,5834000000
357,2022-08-13 21:46:53,2022-08-18 21:44:42,10220679892460660,10201748722980993,-18931169479667,983837643868650,989776809984523,5939166115873,0,0,5508000000
358,2022-08-18 21:44:58,2022-08-23 21:44:46,10201748722980993,10182918483065564,-18830239915429,989776809984523,995690025485814,5913215501291,0,0,10192000000
359,2022-08-23 21:45:52,2022-08-28 21:42:39,10182918483065564,10164188969499216,-18729513566348,995690025485814,1001568454234009,5878428748195,0,0,7472000000
360,2022-08-28 21:45:32,2022-09-02 21:44:28,10164188969499216,10145052424519948,-19136544979268,1001568454234009,1007570211324963,6001757090954,0,0,5640000000
361,2022-09-02 21:49:50,2022-09-07 21:44:46,10145052424519948,10126038387141609,-19014037378339,1007570211324963,1013519055278692,5948843953729,0,0,4174000000
362,2022-09-07 21:56:05,2022-09-12 21:44:47,10126038387141609,10106899741240898,-19138645900711,1013519055278692,1019513669653941,5994614375249,0,0,5814000000
363,2022-09-12 21:53:14,2022-09-17 21:44:21,10106899741240898,10087736962737259,-19162778503639,1019513669653941,1025501175173226,5987505519285,0,0,5694000000
364,2022-09-17 21:45:01,2022-09-22 21:44:47,10087736962737259,10068593369607165,-19143593130094,1025501175173226,1031482492741569,5981317568343,0,0,4056000000
365,2022-09-22 21:46:27,2022-09-27 21:44:36,10068593369607165,10049419651037034,-19173718570131,1031482492741569,1037476762140256,5994269398687,0,0,3108000000
366,2022-09-27 21:45:11,2022-10-02 21:44:26,10049419651037034,10030500598819482,-18919052217552,1037476762140256,1043351943571270,5875181431014,0,0,4716000000
367,2022-10-02 21:45:57,2022-10-07 21:44:31,10030500598819482,10011568005046602,-18932593772880,1043351943571270,1049235663440299,5883719869029,0,0,9056000000
368,2022-10-07 21:45:45,2022-10-12 21:44:36,10011568005046602,9992648700658977,-18919304387625,1049235663440299,1055149630369187,5913966928888,0,0,3276000000
369,2022-10-12 21:45:08,2022-10-17 21:44:34,9992648700658977,9973897045344554,-18751655314423,1055149630369187,1060989482938007,5839852568820,0,0,1332000000
370,2022-10-17 21:48:28,2022-10-22 21:44:24,9973897045344554,9954979169676611,-18917875667943,1060989482938007,1066870216358458,5880733420451,0,0,5126000000
371,2022-10-22 21:46:23,2022-10-27 21:44:30,9954979169676611,9936114349742976,-18864819933635,1066870216358458,1072721304252673,5851087894215,0,0,4852000000
372,2022-10-27 21:44:55,2022-11-01 21:44:35,9936114349742976,9917197168085496,-18917181657480,1072721304252673,1078611968858093,5890664605420,0,0,14208000000
373,2022-11-01 21:44:51,2022-11-06 21:44:46,9917197168085496,9898528859081034,-18668309004462,1078611968858093,1084442000419800,5830031561707,0,0,5244000000
374,2022-11-06 21:44:51,2022-11-11 21:44:47,9898528859081034,9879803953263264,-18724905817770,1084442000419800,1090284059434660,5842059014860,0,0,8634000000
375,2022-11-11 21:48:29,2022-11-16 21:44:38,9879803953263264,9861116544907807,-18687408355457,1090284059434660,1056673748569830,-33610310864830,0,0,7546000000
376,2022-11-16 21:46:42,2022-11-21 21:44:19,9861116544907807,9842652064089820,-18464480817987,1056673748569830,1062423482265345,5749733695515,0,0,8012000000
377,2022-11-21 21:50:06,2022-11-26 21:44:28,9842652064089820,9824321019586905,-18331044502915,1062423482265345,1068123742127903,5700259862558,0,0,5376000000
378,2022-11-26 21:45:36,2022-12-01 21:43:59,9824321019586905,9806194893505457,-18126126081448,1068123742127903,1073761279310734,5637537182831,0,0,8016000000
379,2022-12-01 21:45:29,2022-12-06 21:43:55,9806194893505457,9787739043117847,-18455850387610,1073761279310734,1079524909809257,5763630498523,0,0,6378000000
380,2022-12-06 21:45:07,2022-12-11 21:44:45,9787739043117847,9769359542724410,-18379500393437,1079524909809257,1085266054287657,5741144478400,0,0,6666000000
381,2022-12-11 21:51:19,2022-12-16 21:44:04,9769359542724410,9751099859203471,-18259683520939,1085266054287657,1090977794605066,5711740317409,0,0,10046000000
382,2022-12-16 21:46:16,2022-12-21 21:44:40,9751099859203471,9732579730335267,-18520128868204,1090977794605066,1096769891327182,5792096722116,0,0,8384000000
383,2022-12-21 21:45:35,2022-12-26 21:44:46,9732579730335267,9714372537673880,-18207192661387,1096769891327182,1102477860882235,5707969555053,0,0,9578000000
384,2022-12-26 21:45:28,2022-12-31 21:43:57,9714372537673880,9696062028066324,-18310509607556,1102477860882235,1108231313584225,5753452701990,0,0,7330000000
385,2022-12-31 21:44:55,2023-01-05 21:44:42,9696062028066324,9677898230050332,-18163798015992,1108231313584225,1113894699593937,5663386009712,0,0,6030000000
386,2023-01-05 21:44:51,2023-01-10 21:44:22,9677898230050332,9659613006525152,-18285223525180,1113894699593937,1119569090557032,5674390963095,0,0,7792000000
387,2023-01-10 21:46:08,2023-01-15 21:44:49,9659613006525152,9641213380131503,-18399626393649,1119569090557032,1125283441597315,5714351040283,0,0,15108000000
388,2023-01-15 21:48:10,2023-01-20 21:44:39,9641213380131503,9623238621042507,-17974759088996,1125283441597315,1130915186538430,5631744941115,0,0,3106000000
389,2023-01-20 21:48:38,2023-01-25 21:44:33,9623238621042507,9605003170159443,-18235450883064,1130915186538430,1136579323491238,5664136952808,0,0,5382000000
390,2023-01-25 21:46:08,2023-01-30 21:44:37,9605003170159443,9586693644501587,-18309525657856,1136579323491238,1142264335933469,5685012442231,0,0,5806000000
391,2023-01-30 21:46:15,2023-02-04 21:44:37,9586693644501587,9568737675719031,-17955968782556,1142264335933469,1147834888160445,5570552226976,0,0,4616000000
392,2023-02-04 21:48:54,2023-02-09 21:44:34,9568737675719031,9550707326420076,-18030349298955,1147834888160445,1153424016337181,5589128176736,0,0,7012000000
393,2023-02-09 21:46:32,2023-02-14 21:44:50,9550707326420076,9532573493585434,-18133832834642,1153424016337181,1159053622658953,5629606321772,0,0,5438000000
394,2023-02-14 21:46:16,2023-02-19 21:44:43,9532573493585434,9514934935216517,-17638558368917,1159053622658953,1164535619945030,5481997286077,0,0,3430000000
395,2023-02-19 21:44:59,2023-02-24 21:44:48,9514934935216517,9497133409472783,-17801525743734,1164535619945030,1170067020486250,5531400541220,0,0,6468000000
396,2023-02-24 21:47:42,2023-03-01 21:44:38,9497133409472783,9479585689711008,-17547719761775,1170067020486250,1175513742012425,5446721526175,0,0,6728000000
397,2023-03-01 21:45:54,2023-03-06 21:44:50,9479585689711008,9461815546187508,-17770143523500,1175513742012425,1181075985373286,5562243360861,0,0,4028000000
398,2023-03-06 21:46:33,2023-03-11 21:44:09,9461815546187508,9443972566840349,-17842979347159,1181075985373286,1186758136337642,5682150964356,0,0,4704000000
399,2023-03-11 21:48:16,2023-03-16 21:44:34,9443972566840349,9426301009576749,-17671557263600,1186758136337642,1192381615518303,5623479180661,0,0,3828000000
400,2023-03-16 21:48:38,2023-03-21 21:44:34,9426301009576749,9408537858242252,-17763151334497,1192381615518303,1198058432944920,5676817426617,0,0,3150000000
401,2023-03-21 21:45:15,2023-03-26 21:44:25,9408537858242252,9391113276049044,-17424582193208,1198058432944920,1203571262060792,5512829115872,0,0,4016000000
402,2023-03-26 21:46:12,2023-03-31 21:44:44,9391113276049044,9373759520550477,-17353755498567,1203571262060792,1209099799354716,5528537293924,0,0,5134000000
403,2023-03-31 21:49:49,2023-04-05 21:44:31,9373759520550477,9356641772388785,-17117748161692,1209099799354716,1214559938325861,5460138971145,0,0,6956000000
404,2023-04-05 21:45:37,2023-04-10 21:44:09,9356641772388785,9339311033457902,-17330738930883,1214559938325861,1220072850270466,5512911944605,0,0,7110000000
405,2023-04-10 21:45:36,2023-04-15 21:44:43,9339311033457902,9322254273087787,-17056760370115,1220072850270466,1225541030930729,5468180660263,0,0,4674000000
406,2023-04-15 21:46:34,2023-04-20 21:44:45,9322254273087787,9305382922879304,-16871350208483,1225541030930729,1230997735876222,5456704945493,0,0,1132000000
407,2023-04-20 21:46:22,2023-04-25 21:44:32,9305382922879304,9288701770557405,-16681152321899,1230997735876222,1236437634639208,5439898762986,0,0,9360000000
408,2023-04-25 21:46:35,2023-04-30 21:44:42,9288701770557405,9272157715492362,-16544055065043,1236437634639208,1241944161023134,5506526383926,0,0,3728000000
409,2023-04-30 21:47:21,2023-05-05 21:44:13,9272157715492362,9255427816188677,-16729899303685,1241944161023134,1247455873909450,5511712886316,0,0,3884000000
410,2023-05-05 21:45:10,2023-05-10 21:44:27,9255427816188677,9238655017642055,-16772798546622,1247455873909450,1244154789634220,-3301084275230,0,0,2122000000
411,2023-05-10 21:46:15,2023-05-15 21:44:41,9238655017642055,9222302989055674,-16352028586381,1244154789634220,1249688145781837,5533356147617,0,0,3004000000
412,2023-05-15 21:46:10,2023-05-20 21:43:39,9222302989055674,9206053137433248,-16249851622426,1249688145781837,1255205718727929,5517572946092,0,0,3312000000
413,2023-05-20 21:47:36,2023-05-25 21:44:33,9206053137433248,9189561743422242,-16491394011006,1255205718727929,1261091761016337,5886042288408,0,0,19606000000
414,2023-05-25 21:46:32,2023-05-30 21:44:42,9189561743422242,9173472878616637,-16088864805605,1261091761016337,1266965539860820,5873778844483,0,0,2102000000
415,2023-05-30 21:45:29,2023-06-04 21:44:50,9173472878616637,9157220397160138,-16252481456499,1266965539860820,1272798631646023,5833091785203,0,0,5374000000
416,2023-06-04 21:46:57,2023-06-09 21:44:47,9157220397160138,9141408669939478,-15811727220660,1272798631646023,1278342807280510,5544175634487,0,0,6486000000
417,2023-06-09 21:47:26,2023-06-14 21:44:28,9141408669939478,9126046644944245,-15362024995233,1278342807280510,1283676763623901,5333956343391,0,0,5416000000
418,2023-06-14 21:44:54,2023-06-19 21:44:13,9126046644944245,9110127202404423,-15919442539822,1283676763623901,1289082659079958,5405895456057,0,0,3778000000
419,2023-06-19 21:45:21,2023-06-24 21:44:39,9110127202404423,9094338748570024,-15788453834399,1289082659079958,1294423169897744,5340510817786,0,0,4338000000
420,2023-06-24 21:45:05,2023-06-29 21:44:38,9094338748570024,9078521499110565,-15817249459459,1294423169897744,1299778626218859,5355456321115,0,0,8238000000
421,2023-06-29 21:46:01,2023-07-04 21:44:43,9078521499110565,9063032557660485,-15488941450080,1299778626218859,1305029315722194,5250689503335,0,0,4650000000
422,2023-07-04 21:45:05,2023-07-09 21:44:48,9063032557660485,9047622199764891,-15410357895594,1305029315722194,1310263863997300,5234548275106,0,0,4686000000
423,2023-07-09 21:44:51,2023-07-14 21:44:36,9047622199764891,9032034292857262,-15587906907629,1310263863997300,1315551035659310,5287171662010,0,0,2916000000
424,2023-07-14 21:44:58,2023-07-19 21:44:40,9032034292857262,9016392244472160,-15642048385102,1315551035659310,1320864396635145,5313360975835,0,0,3932000000
425,2023-07-19 21:45:17,2023-07-24 21:44:37,9016392244472160,9000866603128574,-15525641343586,1320864396635145,1326160702195945,5296305560800,0,0,5472000000
426,2023-07-24 21:45:42,2023-07-29 21:44:44,9000866603128574,8985278126640115,-15588476488459,1326160702195945,1331451253889835,5290551693890,0,0,3218000000
427,2023-07-29 21:45:43,2023-08-03 21:44:49,8985278126640115,8969722014329330,-15556112310785,1331451253889835,1336737020880096,5285766990261,0,0,10272000000
428,2023-08-03 21:44:55,2023-08-08 21:44:29,8969722014329330,8954215876954027,-15506137375303,1336737020880096,1341996676328651,5259655448555,0,0,3342000000
429,2023-08-08 21:45:12,2023-08-13 21:44:32,8954215876954027,8938829163644506,-15386713309521,1341996676328651,1347267485402985,5270809074334,0,0,2516000000
430,2023-08-13 21:45:03,2023-08-18 21:44:28,8938829163644506,8923448699710227,-15380463934279,1347267485402985,1352522451375734,5254965972749,0,0,4208000000
431,2023-08-18 21:44:53,2023-08-23 21:44:20,8923448699710227,8908035374574998,-15413325135229,1352522451375734,1357779071669941,5256620294207,0,0,3398000000
432,2023-08-23 21:44:52,2023-08-28 21:44:44,8908035374574998,8892643599428594,-15391775146404,1357779071669941,1363023110216084,5244038546143,0,0,5668000000
433,2023-08-28 21:45:05,2023-09-02 21:44:21,8892643599428594,8877370345904236,-15273253524358,1363023110216084,1368214253632528,5191143416444,0,0,4884000000
434,2023-09-02 21:45:09,2023-09-07 21:44:50,8877370345904236,8862589414115358,-14780931788878,1368214253632528,1373239820320665,5025566688137,0,0,5256000000
435,2023-09-07 21:45:30,2023-09-12 21:44:43,8862589414115358,8847342747476447,-15246666638911,1373239820320665,1378419161023568,5179340702903,0,0,2726000000
436,2023-09-12 21:45:10,2023-09-17 21:44:44,8847342747476447,8832022058874836,-15320688601611,1378419161023568,1383599670487649,5180509464081,0,0,3658000000
437,2023-09-17 21:44:58,2023-09-22 21:43:46,8832022058874836,8816766950673503,-15255108201333,1383599670487649,1388777091806873,5177421319224,0,0,4210000000
438,2023-09-22 21:45:05,2023-09-27 21:44:41,8816766950673503,8801415188576255,-15351762097248,1388777091806873,1394003371321239,5226279514366,0,0,3052000000
439,2023-09-27 21:45:09,2023-10-02 21:44:42,8801415188576255,8786093762361533,-15321426214722,1394003371321239,1399218565292671,5215193971432,0,0,1692000000
440,2023-10-02 21:44:51,2023-10-07 21:43:27,8786093762361533,8770985210124101,-15108552237432,1399218565292671,1404363573077985,5145007785314,0,0,2516000000
441,2023-10-07 21:45:01,2023-10-12 21:44:33,8770985210124101,8755712247133776,-15272962990325,1404363573077985,1409557056505625,5193483427640,0,0,2186000000
442,2023-10-12 21:45:12,2023-10-17 21:44:02,8755712247133776,8740627073337488,-15085173796288,1409557056505625,1364721053361805,-44836003143820,0,0,3426000000
443,2023-10-17 21:45:40,2023-10-22 21:44:05,8740627073337488,8725270759466564,-15356313870924,1364721053361805,1369908624960600,5187571598795,0,0,3398000000
444,2023-10-22 21:45:08,2023-10-27 21:44:39,8725270759466564,8710191636492473,-15079122974091,1369908624960600,1375019903319223,5111278358623,0,0,6468000000
445,2023-10-27 21:45:10,2023-11-01 21:44:49,8710191636492473,8694963287980163,-15228348512310,1375019903319223,1380197545352859,5177642033636,0,0,3436000000
446,2023-11-01 21:46:00,2023-11-06 21:44:41,8694963287980163,8679810673091783,-15152614888380,1380197545352859,1385334935731313,5137390378454,0,0,3696000000
447,2023-11-06 21:45:50,2023-11-11 21:44:49,8679810673091783,8664777302912097,-15033370179686,1385334935731313,1390422658558876,5087722827563,0,0,3360000000
448,2023-11-11 21:46:14,2023-11-16 21:44:12,8664777302912097,8649726897692243,-15050405219854,1390422658558876,1395516870297212,5094211738336,0,0,4614000000
449,2023-11-16 21:44:57,2023-11-21 21:44:43,8649726897692243,8634608907096306,-15117990595937,1395516870297212,1400647065598924,5130195301712,0,0,2542000000
450,2023-11-21 21:44:51,2023-11-26 21:44:36,8634608907096306,8619584135017586,-15024772078720,1400647065598924,1405748420583942,5101354985018,0,0,3778000000
451,2023-11-26 21:44:58,2023-12-01 21:44:22,8619584135017586,8604731076564123,-14853058453463,1405748420583942,1410808637386707,5060216802765,0,0,3124000000
452,2023-12-01 21:44:52,2023-12-06 21:44:48,8604731076564123,8589957179575095,-14773896989028,1410808637386707,1415822553230528,5013915843821,0,0,3482000000
453,2023-12-06 21:45:15,2023-12-11 21:44:42,8589957179575095,8575057374648348,-14899804926747,1415822553230528,1420889749919979,5067196689451,0,0,4818000000
454,2023-12-11 21:46:00,2023-12-16 21:44:34,8575057374648348,8560024968913102,-15032405735246,1420889749919979,1426000643140040,5110893220061,0,0,3282000000
455,2023-12-16 21:44:53,2023-12-21 21:44:19,8560024968913102,8545305926326569,-14719042586533,1426000643140040,1431025090491411,5024447351371,0,0,6642000000
456,2023-12-21 21:45:01,2023-12-26 21:44:25,8545305926326569,8530456126418253,-14849799908316,1431025090491411,1436093215624403,5068125132992,0,0,2168000000
457,2023-12-26 21:45:09,2023-12-31 21:44:29,8530456126418253,8515623736425579,-14832389992674,1436093215624403,1441157257090799,5064041466396,0,0,2600000000
458,2023-12-31 21:45:01,2024-01-05 21:44:41,8515623736425579,8501083191092514,-14540545333065,1441157257090799,1446160832567429,5003575476630,0,0,3722000000
459,2024-01-05 21:45:31,2024-01-10 21:44:46,8501083191092514,8486301514701735,-14781676390779,1446160832567429,1451242730302673,5081897735244,0,0,3376000000
460,2024-01-10 21:45:09,2024-01-15 21:44:47,8486301514701735,8471762024474669,-14539490227066,1451242730302673,1456239280414863,4996550112190,0,0,3058000000
461,2024-01-15 21:45:12,2024-01-20 21:44:46,8471762024474669,8457302540309566,-14459484165103,1456239280414863,1461210460215224,4971179800361,0,0,4660000000
462,2024-01-20 21:44:58,2024-01-25 21:44:39,8457302540309566,8442920926434661,-14381613874905,1461210460215224,1466149536674751,4939076459527,0,0,3226000000
463,2024-01-25 21:45:36,2024-01-30 21:44:40,8442920926434661,8428636511768877,-14284414665784,1466149536674751,1471045157553368,4895620878617,0,0,4050000000
464,2024-01-30 21:45:37,2024-02-04 21:44:42,8428636511768877,8414256054893475,-14380456875402,1471045157553368,1475975213267045,4930055713677,0,0,3066000000
465,2024-02-04 21:45:14,2024-02-09 21:44:29,8414256054893475,8400262854415407,-13993200478068,1475975213267045,1480770938730322,4795725463277,0,0,3932000000
466,2024-02-09 21:45:19,2024-02-14 21:44:35,8400262854415407,8386071088078952,-14191766336455,1480770938730322,1485636514586773,4865575856451,0,0,2376000000
467,2024-02-14 21:45:05,2024-02-19 21:44:37,8386071088078952,8371794055621580,-14277032457372,1485636514586773,1490528575180145,4892060593372,0,0,3140000000
468,2024-02-19 21:45:22,2024-02-24 21:44:26,8371794055621580,8357522743470265,-14271312151315,1490528575180145,1495424475832556,4895900652411,0,0,3130000000
469,2024-02-24 21:45:02,2024-02-29 21:44:46,8357522743470265,8343083956124781,-14438787345484,1495424475832556,1500366891487428,4942415654872,0,0,1716000000
470,2024-02-29 21:45:58,2024-03-05 21:44:44,8343083956124781,8328570503552617,-14513452572164,1500366891487428,1505337916378058,4971024890630,0,0,1180000000
471,2024-03-05 21:45:28,2024-03-10 21:43:29,8328570503552617,8314145263148908,-14425240403709,1505337916378058,1510300484886250,4962568508192,0,0,2844000000
472,2024-03-10 21:45:06,2024-03-15 21:44:18,8314145263148908,8299712464198532,-14432798950376,1510300484886250,1463134694007783,-47165790878467,0,0,3178000000
473,2024-03-15 21:45:26,2024-03-20 21:44:35,8299712464198532,8285364056959992,-14348407238540,1463134694007783,1468083519808458,4948825800675,0,0,908000000
474,2024-03-20 21:45:05,2024-03-25 21:44:43,8285364056959992,8271283701035530,-14080355924462,1468083519808458,1472947334083940,4863814275482,0,0,3028000000
475,2024-03-25 21:45:00,2024-03-30 21:44:49,8271283701035530,8257181621486334,-14102079549196,1472947334083940,1477802105663126,4854771579186,0,0,1934000000
476,2024-03-30 21:44:55,2024-04-04 21:44:37,8257181621486334,8243160250015058,-14021371471276,1477802105663126,1482630527975380,4828422312254,0,0,2180000000
477,2024-04-04 21:44:52,2024-04-09 21:44:35,8243160250015058,8228975392411645,-14184857603413,1482630527975380,1487521974453746,4891446478366,0,0,2268000000
478,2024-04-09 21:45:10,2024-04-14 21:44:17,8228975392411645,8214994323137691,-13981069273954,1487521974453746,1492348596544412,4826622090666,0,0,5612000000
479,2024-04-14 21:44:58,2024-04-19 21:44:26,8214994323137691,8201129718611947,-13864604525744,1492348596544412,1497165313551009,4816717006597,0,0,3898000000
480,2024-04-19 21:45:02,2024-04-24 21:44:14,8201129718611947,8187070476979147,-14059241632800,1497165313551009,1502038291741991,4872978190982,0,0,2156000000
481,2024-04-24 21:45:14,2024-04-29 21:44:36,8187070476979147,8172897979043621,-14172497935526,1502038291741991,1506941118966234,4902827224243,0,0,3938000000
482,2024-04-29 21:45:31,2024-05-04 21:44:43,8172897979043621,8158797579880842,-14100399162779,1506941118966234,1511816216675332,4875097709098,0,0,6584000000
483,2024-05-04 21:45:56,2024-05-09 21:44:50,8158797579880842,8144675912835745,-14121667045097,1511816216675332,1516694508210497,4878291535165,0,0,2198000000
484,2024-05-09 21:45:14,2024-05-14 21:44:46,8144675912835745,8130526817894675,-14149094941070,1516694508210497,1521584234785002,4889726574505,0,0,6124000000
485,2024-05-14 21:44:54,2024-05-19 21:44:49,8130526817894675,8116368193817815,-14158624076860,1521584234785002,1526471044644533,4886809859531,0,0,2562000000
486,2024-05-19 21:45:38,2024-05-24 21:44:16,8116368193817815,8102288065038969,-14080128778846,1526471044644533,1531331315641697,4860270997164,0,0,1552000000
487,2024-05-24 21:45:20,2024-05-29 21:44:11,8102288065038969,8088437919200592,-13850145838377,1531331315641697,1536114019459084,4782703817387,0,0,1170000000
488,2024-05-29 21:44:57,2024-06-03 21:44:22,8088437919200592,8074565826556158,-13872092644434,1536114019459084,1540899754794546,4785735335462,0,0,1628000000
489,2024-06-03 21:45:07,2024-06-08 21:44:44,8074565826556158,8060828529222149,-13737297334009,1540899754794546,1545637399983834,4737645189288,0,0,732000000
490,2024-06-08 21:45:00,2024-06-13 21:44:40,8060828529222149,8047010081468560,-13818447753589,1545637399983834,1550401607761749,4764207777915,0,0,1748000000
491,2024-06-13 21:44:55,2024-06-18 21:44:34,8047010081468560,8033172145504738,-13837935963822,1550401607761749,1555176058996221,4774451234472,0,0,1868000000
492,2024-06-18 21:44:58,2024-06-23 21:44:40,8033172145504738,8019423454847030,-13748690657708,1555176058996221,1559918119894833,4742060898612,0,0,1826000000
493,2024-06-23 21:45:12,2024-06-28 21:44:33,8019423454847030,8005883735416310,-13539719430720,1559918119894833,1564590697784215,4672577889382,0,0,2228000000
494,2024-06-28 21:44:55,2024-07-03 21:44:36,8005883735416310,7992233702329513,-13650033086797,1564590697784215,1569327676418076,4736978633861,0,0,1402000000
495,2024-07-03 21:44:57,2024-07-08 21:44:31,7992233702329513,7978730256074581,-13503446254932,1569327676418076,1574019542289399,4691865871323,0,0,2114000000
496,2024-07-08 21:45:12,2024-07-13 21:43:52,7978730256074581,7965004592410008,-13725663664573,1574019542289399,1476619445875690,-97400096413709,0,0,2166000000
497,2024-07-13 21:45:15,2024-07-18 21:44:47,7965004592410008,7951386216629221,-13618375780787,1476619445875690,1481317014105581,4697568229891,0,0,772000000
498,2024-07-18 21:46:38,2024-07-23 21:44:48,7951386216629221,7937815230851221,-13570985778000,1481317014105581,1486007059665745,4690045560164,0,0,1638000000
499,2024-07-23 21:45:05,2024-07-28 21:44:28,7937815230851221,7924170545862647,-13644684988574,1486007059665745,1490725021530841,4717961865096,0,0,980000000
500,2024-07-28 21:44:53,2024-08-02 21:44:43,7924170545862647,7910589154077874,-13581391784773,1490725021530841,1495403947921756,4678926390915,0,0,1626000000
501,2024-08-02 21:45:16,2024-08-07 21:44:44,7910589154077874,7897001506315015,-13587647762859,1495403947921756,1500074612179231,4670664257475,0,0,980000000
502,2024-08-07 21:44:52,2024-08-12 21:44:18,7897001506315015,7883390526253263,-13610980061752,1500074612179231,1504763227266060,4688615086829,0,0,1530000000
503,2024-08-12 21:44:52,2024-08-17 21:44:13,7883390526253263,7869740167788845,-13650358464418,1504763227266060,1509473319875466,4710092609406,0,0,904000000
504,2024-08-17 21:46:31,2024-08-22 21:44:35,7869740167788845,7856412006012711,-13328161776134,1509473319875466,1514131702485276,4658382609810,0,0,854000000
505,2024-08-22 21:44:59,2024-08-27 21:44:43,7856412006012711,7842889284966704,-13522721046007,1514131702485276,1518869032724501,4737330239225,0,0,1626000000
506,2024-08-27 21:45:19,2024-09-01 21:44:50,7842889284966704,7829573342038784,-13315942927920,1518869032724501,1523532096285944,4663063561443,0,0,194000000
507,2024-09-01 21:45:46,2024-09-06 21:44:09,7829573342038784,7816251180544575,-13322161494209,1523532096285944,1528154947846618,4622851560674,0,0,241322000000
508,2024-09-06 21:45:01,2024-09-11 21:44:04,7816251180544575,7802782712972544,-13468467572031,1528154947846618,1532828945705969,4673997859351,0,0,44410000000
509,2024-09-11 21:45:07,2024-09-16 21:44:40,7802782712972544,7789809997399209,-12972715573335,1532828945705969,1537376975934454,4548030228485,0,0,18674000000
510,2024-09-16 21:44:57,2024-09-21 21:44:45,7789809997399209,7776682557725743,-13127439673466,1537376975934454,1541947683854337,4570707919883,0,0,113674000000
511,2024-09-21 21:44:54,2024-09-26 21:44:48,7776682557725743,7763466534897369,-13216022828374,1541947683854337,1546537960700287,4590276845950,0,0,5724000000
512,2024-09-26 21:44:55,2024-10-01 21:44:44,7763466534897369,7750347819157560,-13118715739809,1546537960700287,1551120138892345,4582178192058,0,0,6238000000
513,2024-10-01 21:45:00,2024-10-06 21:44:44,7750347819157560,7737238847635656,-13108971521904,1551120138892345,1555688467465569,4568328573224,0,0,4090000000
514,2024-10-06 21:45:01,2024-10-11 21:44:49,7737238847635656,7724114066210540,-13124781425116,1555688467465569,1560274087294584,4585619829015,0,0,105276000000
515,2024-10-11 21:45:39,2024-10-16 21:44:45,7724114066210540,7710840811535124,-13273254675416,1560274087294584,1564893381140133,4619293845549,0,0,4310000000
516,2024-10-16 21:44:52,2024-10-21 21:44:32,7710840811535124,7697681960525046,-13158851010078,1564893381140133,1569476292253072,4582911112939,0,0,11300000000
517,2024-10-21 21:45:03,2024-10-26 21:43:12,7697681960525046,7684715051166790,-12966909358256,1569476292253072,1574027226901630,4550934648558,0,0,3930000000
518,2024-10-26 21:45:46,2024-10-31 21:44:50,7684715051166790,7671724883246433,-12990167920357,1574027226901630,1578692757476585,4665530574955,0,0,105570000000
519,2024-10-31 21:45:39,2024-11-05 21:44:44,7671724883246433,7658581735905745,-13143147340688,1578692757476585,1583319123795732,4626366319147,0,0,110260000000
520,2024-11-05 21:44:57,2024-11-10 21:44:16,7658581735905745,7645768723008280,-12813012897465,1583319123795732,1587845138859041,4526015063309,0,0,7050000000
521,2024-11-10 21:45:17,2024-11-15 21:44:30,7645768723008280,7633094000777687,-12674722230593,1587845138859041,1592331641228984,4486502369943,0,0,3346000000
522,2024-11-15 21:45:18,2024-11-20 21:44:49,7633094000777687,7620302863773952,-12791137003735,1592331641228984,1596870443401439,4538802172455,0,0,106128000000
523,2024-11-20 21:44:57,2024-11-25 21:44:48,7620302863773952,7607610747076201,-12692116697751,1596870443401439,1601367031103590,4496587702151,0,0,11688000000
524,2024-11-25 21:44:51,2024-11-30 21:44:24,7607610747076201,7595003223306721,-12607523769480,1601367031103590,1605867363924094,4500332820504,0,0,8034000000
525,2024-11-30 21:44:59,2024-12-05 21:43:48,7595003223306721,7582597266023565,-12405957283156,1605867363924094,1610327841943309,4460478019215,0,0,796000000
526,2024-12-05 21:44:58,2024-12-10 21:44:27,7582597266023565,7570016745300604,-12580520722961,1610327841943309,1614845026268105,4517184324796,0,0,5386000000
527,2024-12-10 21:44:57,2024-12-15 21:44:41,7570016745300604,7557630419439671,-12386325860933,1614845026268105,1619326627836757,4481601568652,0,0,9264000000
528,2024-12-15 21:45:07,2024-12-20 21:44:48,7557630419439671,7545301818317184,-12328601122487,1619326627836757,1623777941276573,4451313439816,0,0,8708000000
529,2024-12-20 21:45:08,2024-12-25 21:44:41,7545301818317184,7533008055566611,-12293762750573,1623777941276573,1628218659074146,4440717797573,0,0,112096000000
530,2024-12-25 21:45:22,2024-12-30 21:44:44,7533008055566611,7520543391434932,-12464664131679,1628218659074146,1632716817250127,4498158175981,0,0,8242000000
531,2024-12-30 21:45:22,2025-01-04 21:44:49,7520543391434932,7508122101528199,-12421289906733,1632716817250127,1637199823678645,4483006428518,0,0,11712000000
532,2025-01-04 21:45:01,2025-01-09 21:44:40,7508122101528199,7495773911585373,-12348189942826,1637199823678645,1641656329184830,4456505506185,0,0,12162000000
533,2025-01-09 21:44:53,2025-01-14 21:44:37,7495773911585373,7483332054370326,-12441857215047,1641656329184830,1646135439887110,4479110702280,0,0,6100000000
534,2025-01-14 21:45:19,2025-01-19 21:44:39,7483332054370326,7470819003002992,-12513051367334,1646135439887110,1650631985932748,4496546045638,0,0,6702000000
535,2025-01-19 21:44:57,2025-01-24 21:44:12,7470819003002992,7458430104616144,-12388898386848,1650631985932748,1655096893563009,4464907630261,0,0,9578000000
536,2025-01-24 21:45:11,2025-01-29 21:43:58,7458430104616144,7445967855869507,-12462248746637,1655096893563009,1659589823833183,4492930270174,0,0,7896000000
537,2025-01-29 21:45:00,2025-02-03 21:44:16,7445967855869507,7433694305914142,-12273549955365,1659589823833183,1664007113173757,4417289340574,0,0,120094000000
538,2025-02-03 21:44:55,2025-02-08 21:44:28,7433694305914142,7421230710104429,-12463595809713,1664007113173757,1668494670404460,4487557230703,0,0,13648000000
539,2025-02-08 21:44:52,2025-02-13 21:44:26,7421230710104429,7408926927280507,-12303782823922,1668494670404460,1672936804237521,4442133833061,0,0,116160000000
540,2025-02-13 21:44:59,2025-02-18 21:44:29,7408926927280507,7396826608934598,-12100318345909,1672936804237521,1677291581661325,4354777423804,0,0,11590000000
541,2025-02-18 21:44:55,2025-02-23 21:44:30,7396826608934598,7384491692705295,-12334916229303,1677291581661325,1681719994417422,4428412756097,0,0,10908000000
542,2025-02-23 21:45:05,2025-02-28 21:44:13,7384491692705295,7372161971923491,-12329720781804,1681719994417422,1686145488917895,4425494500473,0,0,106748000000
543,2025-02-28 21:45:04,2025-03-05 21:44:30,7372161971923491,7360009982247106,-12151989676385,1686145488917895,1690501545334536,4356056416641,0,0,7900000000
544,2025-03-05 21:45:25,2025-03-10 21:44:39,7360009982247106,7347811044701520,-12198937545586,1690501545334536,1694874110569621,4372565235085,0,0,5928000000
545,2025-03-10 21:45:09,2025-03-15 21:44:08,7347811044701520,7335771117346353,-12039927355167,1694874110569621,1699217928890605,4343818320984,0,0,6858000000
546,2025-03-15 21:44:57,2025-03-20 21:44:18,7335771117346353,7323776141502598,-11994975843755,1699217928890605,1703528717038308,4310788147703,0,0,107638000000
547,2025-03-20 21:44:57,2025-03-25 21:44:41,7323776141502598,7311783103862433,-11993037640165,1703528717038308,1707859322622122,4330605583814,0,0,102748000000
548,2025-03-25 21:44:58,2025-03-30 21:44:36,7311783103862433,7299564319473914,-12218784388519,1707859322622122,1712261860261038,4402537638916,0,0,4064000000
549,2025-03-30 21:44:59,2025-04-04 21:44:40,7299564319473914,7287372980420867,-12191339053047,1712261860261038,1716669382767858,4407522506820,0,0,3830000000
550,2025-04-04 21:44:51,2025-04-09 21:44:41,7287372980420867,7275303870393836,-12069110027031,1716669382767858,1721027451020579,4358068252721,0,0,2974000000
551,2025-04-09 21:45:18,2025-04-14 21:44:16,7275303870393836,7263297721984758,-12006148409078,1721027451020579,1726047077836483,5019626815904,0,0,6110000000
552,2025-04-14 21:45:00,2025-04-19 21:43:43,7263297721984758,7251344361797924,-11953360186834,1726047077836483,1730343069063130,4295991226647,0,0,2948000000
553,2025-04-19 21:45:24,2025-04-24 21:44:47,7251344361797924,7239343896065115,-12000465732809,1730343069063130,1734673185491213,4330116428083,0,0,2846000000
554,2025-04-24 21:45:15,2025-04-29 21:44:47,7239343896065115,7227379990267374,-11963905797741,1734673185491213,1739008615838196,4335430346983,0,0,110086000000
555,2025-04-29 21:45:29,2025-05-04 21:44:45,7227379990267374,7215372882539040,-12007107728334,1739008615838196,1743348402076197,4339786238001,0,0,5116000000
556,2025-05-04 21:45:10,2025-05-09 21:44:49,7215372882539040,7203284394203835,-12088488335205,1743348402076197,1747689209080869,4340807004672,0,0,401466000000
557,2025-05-09 21:44:57,2025-05-14 21:44:38,7203284394203835,7191306922028738,-11977472175097,1747689209080869,1751960844921027,4271635840158,0,0,102046000000
558,2025-05-14 21:45:10,2025-05-19 21:44:08,7191306922028738,7179190548389205,-12116373639533,1751960844921027,1756292565163609,4331720242582,0,0,2404000000
559,2025-05-19 21:45:07,2025-05-24 21:44:49,7179190548389205,7167304151917849,-11886396471356,1756292565163609,1760542592099957,4250026936348,0,0,3956000000
560,2025-05-24 21:45:03,2025-05-29 21:44:32,7167304151917849,7155310770495321,-11993381422528,1760542592099957,1764858484971318,4315892871361,0,0,1738000000
561,2025-05-29 21:45:01,2025-06-03 21:44:50,7155310770495321,7143512059809197,-11798710686124,1764858484971318,1769070988271220,4212503299902,0,0,5536000000
562,2025-06-03 21:44:52,2025-06-08 21:43:57,7143512059809197,7131582407880455,-11929651928742,1769070988271220,1773324623715012,4253635443792,0,0,2078000000
563,2025-06-08 21:45:28,2025-06-13 21:44:49,7131582407880455,7119603164653180,-11979243227275,1773324623715012,1777598306850688,4273683135676,0,0,1976000000
564,2025-06-13 21:45:32,2025-06-18 21:44:34,7119603164653180,7107661935971911,-11941228681269,1777598306850688,1781861638625568,4263331774880,0,0,5982000000
565,2025-06-18 21:45:01,2025-06-23 21:44:15,7107661935971911,7095848084245357,-11813851726554,1781861638625568,1786094570568060,4232931942492,0,0,3180000000
566,2025-06-23 21:45:23,2025-06-28 21:44:28,7095848084245357,7084099836750283,-11748247495074,1786094570568060,1790306195001816,4211624433756,0,0,100444000000
567,2025-06-28 21:45:04,2025-07-03 21:44:39,7084099836750283,7072264095076784,-11835741673499,1790306195001816,1794545873391900,4239678390084,0,0,102526000000
568,2025-07-03 21:45:09,2025-07-08 21:44:35,7072264095076784,7060557087817263,-11707007259521,1794545873391900,1798748405131101,4202531739201,0,0,1462000000
569,2025-07-08 21:45:05,2025-07-13 21:44:18,7060557087817263,7048808450033904,-11748637783359,1798748405131101,1802968321266151,4219916135050,0,0,102710000000
570,2025-07-13 21:45:10,2025-07-18 21:44:07,7048808450033904,7036998224247014,-11810225786890,1802968321266151,1807198754088108,4230432821957,0,0,3900696000000
571,2025-07-18 21:45:23,2025-07-23 21:44:42,7036998224247014,7025299385648516,-11698838598498,1807198754088108,1809902011480628,2703257392520,0,0,3004000000
572,2025-07-23 21:45:06,2025-07-28 21:44:40,7025299385648516,7013758119416311,-11541266232205,1809902011480628,1814040155030734,4138143550106,0,0,1390000000
573,2025-07-28 21:45:06,2025-08-02 21:44:40,7013758119416311,7002095664211091,-11662455205220,1814040155030734,1818223498763715,4183343732981,0,0,302322000000
574,2025-08-02 21:46:03,2025-08-07 21:44:35,7002095664211091,6990408282261570,-11687381949521,1818223498763715,1822441339817833,4217841054118,0,0,105314000000
575,2025-08-07 21:44:51,2025-08-12 21:44:37,6990408282261570,6978937917905659,-11470364355911,1822441339817833,1658127995342197,-164313344475636,0,0,4010000000
576,2025-08-12 21:45:04,2025-08-17 21:44:35,6978937917905659,6967366713405925,-11571204499734,1658127995342197,1584160945084072,-73967050258125,0,0,1910000000
577,2025-08-17 21:45:08,2025-08-22 21:44:05,6967366713405925,6955875027747416,-11491685658509,1584160945084072,1570300038420910,-13860906663162,0,0,4566000000
578,2025-08-22 21:45:01,2025-08-27 21:44:25,6955875027747416,6944275078910457,-11599948836959,1570300038420910,1568521696870591,-1778341550319,0,0,2136000000
579,2025-08-27 21:44:51,2025-09-01 21:44:48,6944275078910457,6932775766859839,-11499312050618,1568521696870591,1572662239592268,4140542721677,0,0,106096000000
580,2025-09-01 21:44:58,2025-09-06 21:43:03,6932775766859839,6921352511879335,-11423254980504,1572662239592268,1576779031967241,4116792374973,0,0,102282000000
581,2025-09-06 21:45:15,2025-09-11 21:44:47,6921352511879335,6909811396835559,-11541115043776,1576779031967241,1580938084556391,4159052589150,0,0,528000000
582,2025-09-11 21:45:08,2025-09-16 21:44:34,6909811396835559,6898408690919458,-11402705916101,1580938084556391,1585153252330499,4215167774108,0,0,105278000000
583,2025-09-16 21:44:54,2025-09-21 21:44:29,6898408690919458,6887049749971417,-11358940948041,1585153252330499,1589258269071762,4105016741263,0,0,103382000000
584,2025-09-21 21:45:23,2025-09-26 21:44:39,6887049749971417,6875794228237686,-11255521733731,1589258269071762,1593319661824370,4061392752608,0,0,104574000000
585,2025-09-26 21:44:57,2025-10-01 21:43:39,6875794228237686,6864609755300307,-11184472937379,1593319661824370,1597361049317631,4041387493261,0,0,3038000000
586,2025-10-01 21:45:29,2025-10-06 21:44:49,6864609755300307,6853355358464402,-11254396835905,1597361049317631,1601435552954989,4074503637358,0,0,102252000000
587,2025-10-06 21:45:11,2025-10-11 21:44:23,6853355358464402,6842045700214541,-11309658249861,1601435552954989,1605524807540221,4089254585232,0,0,1448000000
588,2025-10-11 21:45:16,2025-10-16 21:44:44,6842045700214541,6830769984642149,-11275715572392,1605524807540221,1609611091065392,4086283525171,0,0,2984000000
589,2025-10-16 21:45:04,2025-10-21 21:44:25,6830769984642149,6819500412179338,-11269572462811,1609611091065392,1613712038041234,4100946975842,0,0,101148000000
590,2025-10-21 21:45:28,2025-10-26 21:44:48,6819500412179338,6808177356585720,-11323055593618,1613712038041234,1617815369453905,4103331412671,0,0,303240000000
591,2025-10-26 21:45:30,2025-10-31 21:44:43,6808177356585720,6797156811614725,-11020544970995,1617815369453905,1621814226835782,3998857381877,0,0,-116000000
592,2025-10-31 21:45:16,2025-11-05 21:44:20,6797156811614725,6785833745559701,-11323066055024,1621814226835782,1625906547283052,4092320447270,0,0,1158000000
593,2025-11-05 21:44:51,2025-11-10 21:43:27,6785833745559701,6774679983151336,-11153762408365,1625906547283052,1629946261639508,4039714356456,0,0,2384000000
594,2025-11-10 21:44:57,2025-11-15 21:44:17,6774679983151336,6763629579954891,-11050403196445,1629946261639508,1633953924325727,4007662686219,0,0,4306000000
595,2025-11-15 21:44:54,2025-11-20 21:44:49,6763629579954891,6752442686173343,-11186893781548,1633953924325727,1638001269522620,4047345196893,0,0,1800000000
596,2025-11-20 21:44:55,2025-11-25 21:44:19,6752442686173343,6741353528228937,-11089157944406,1638001269522620,1642011576610350,4010307087730,0,0,3790000000
597,2025-11-25 21:44:51,2025-11-30 21:44:40,6741353528228937,6730183426842362,-11170101386575,1642011576610350,1646055929530671,4044352920321,0,0,203582000000
598,2025-11-30 21:45:34,2025-12-05 21:44:28,6730183426842362,6720091665402933,-10091761439429,1646055929530671,1644709422087102,-1346507443569,0,0,2176000000
599,2025-12-05 21:44:52,2025-12-10 21:44:40,6720091665402933,6709188390345296,-10903275057637,1644709422087102,1648689008692576,3979586605474,0,0,203742000000
600,2025-12-10 21:45:01,2025-12-15 21:44:01,6709188390345296,6698238053792185,-10950336553111,1648689008692576,1652701177062556,4012168369980,0,0,102560000000
601,2025-12-15 21:44:58,2025-12-20 21:44:14,6698238053792185,6687334717040563,-10903336751622,1652701177062556,1656699207778460,3998030715904,0,0,203258000000
602,2025-12-20 21:44:51,2025-12-25 21:44:49,6687334717040563,6676530725861594,-10803991178969,1656699207778460,1660661823173382,3962615394922,0,0,3260000000
603,2025-12-25 21:45:03,2025-12-30 21:44:50,6676530725861594,6665779427112521,-10751298749073,1660661823173382,1664603073764194,3941250590812,0,0,105426000000
604,2025-12-30 21:44:57,2026-01-04 21:44:47,6665779427112521,6654841029684078,-10938397428443,1664603073764194,1668608510843424,4005437079230,0,0,8260000000
605,2026-01-04 21:44:52,2026-01-09 21:44:37,6654841029684078,6643984742362112,-10856287321966,1668608510843424,1672567635217344,3959124373920,0,0,102000000000
606,2026-01-09 21:45:21,2026-01-14 21:44:46,6643984742362112,6633151875460114,-10832866901998,1672567635217344,1606528228348564,-66039406868780,0,0,201894000000
607,2026-01-14 21:45:07,2026-01-19 21:44:25,6633151875460114,6622348091463240,-10803783996874,1606528228348564,1610475230004340,3947001655776,0,0,104620000000
608,2026-01-19 21:45:05,2026-01-24 21:44:06,6622348091463240,6611432787256889,-10915304206351,1610475230004340,1614459422162537,3984192158197,0,0,1542000000
609,2026-01-24 21:44:56,2026-01-29 21:44:37,6611432787256889,6600707555277212,-10725231979677,1614459422162537,1618388733585222,3929311422685,0,0,8046000000
610,2026-01-29 21:44:55,2026-02-03 21:44:47,6600707555277212,6590161148227806,-10546407049406,1618388733585222,1622244173305394,3855439720172,0,0,3714000000
611,2026-02-03 21:45:28,2026-02-08 21:44:45,6590161148227806,6579581543161096,-10579605066710,1622244173305394,1626107444545662,3863271240268,0,0,100754000000
612,2026-02-08 21:44:55,2026-02-08 21:59:51,6579581543161096,6569080555680022,-10500987481074,1626107444545662,1629946048932851,3838604387189,0,0,103706000000
613,2026-02-13 21:44:52,2026-02-14 19:31:03,6569080555680022,6558529838561357,-10550717118665,1629946048932851,1634730620078057,4784571145206,0,0,212000000
